timestamp,requests_per_second,cpu_usage_percent,memory_usage_bytes,latency_p95_ms,current_replicas,active_connections,error_rate,cpu_acceleration,rps_acceleration,hour_sin,hour_cos,dow_sin,dow_cos,is_weekend,rps_t5,rps_t10,rps_t15,replicas_t5,replicas_t10,replicas_t15,segment_id
2026-03-01 15:36:15+00:00,7.088888888888888,0.4204654154896072,15622144.0,94.41661279896574,0.0,1.0,0.1128526645768025,-0.4340069213927777,-5.03391812865497,-0.7071067811865471,-0.7071067811865479,-0.7818314824680299,0.6234898018587334,1,19.466666666666665,3.8,17.71111111111111,2.0,2.0,2.0,0
2026-03-01 15:36:30+00:00,4.799999999999999,0.3716373039510439,15618048.0,94.41534914361002,0.0,0.0,0.1851851851851852,-0.4620566048377312,-7.098245614035086,-0.7071067811865471,-0.7071067811865479,-0.7818314824680299,0.6234898018587334,1,19.51111111111111,2.6,20.42222222222222,2.0,2.0,3.0,0
2026-03-01 15:36:45+00:00,8.444444444444443,0.5765778560472642,15884288.0,94.43456162642948,0.0,1.0,0.1684210526315789,-0.2884626898903291,-3.850292397660819,-0.7071067811865471,-0.7071067811865479,-0.7818314824680299,0.6234898018587334,1,19.488888888888884,3.777777777777777,20.33333333333333,2.0,2.0,3.0,0
2026-03-01 15:37:00+00:00,12.02222222222222,0.7490440346255247,15622144.0,94.48113207547168,0.0,0.0,0.1700554528650647,-0.1525362267522162,-1.1146198830409355,-0.7071067811865471,-0.7071067811865479,-0.7818314824680299,0.6234898018587334,1,19.288888888888888,4.755555555555555,20.33333333333333,2.0,2.0,3.0,0
2026-03-01 15:37:15+00:00,14.444444444444445,0.8798897632213327,15884288.0,94.43739180611657,0.0,1.0,0.1369230769230769,-0.0739430091838415,0.9146198830409348,-0.7071067811865471,-0.7071067811865479,-0.7818314824680299,0.6234898018587334,1,19.4,6.333333333333333,20.355555555555554,2.0,2.0,3.0,0
2026-03-01 15:37:30+00:00,17.599999999999998,1.1342808020363464,15622144.0,94.40854326396496,0.0,1.0,0.1275252525252525,0.1710984819697601,3.270175438596489,-0.7071067811865471,-0.7071067811865479,-0.7818314824680299,0.6234898018587334,1,16.644444444444442,11.133333333333333,19.377777777777776,2.0,2.0,2.0,0
2026-03-01 15:37:45+00:00,17.91111111111111,1.260872326910841,15618048.0,94.41830403309204,0.0,1.0,0.1153846153846153,0.2316556233589808,2.760233918128657,-0.7071067811865471,-0.7071067811865479,-0.7818314824680299,0.6234898018587334,1,17.177777777777777,15.82222222222222,15.42222222222222,2.0,2.0,2.0,0
2026-03-01 15:38:00+00:00,20.688888888888886,1.183867385786785,15622144.0,94.43796526054592,0.0,1.0,0.1181525241675617,0.1475680044575094,4.959064327485381,-0.7071067811865471,-0.7071067811865479,-0.7818314824680299,0.6234898018587334,1,15.266666666666664,19.266666666666666,9.844444444444443,2.0,2.0,2.0,0
2026-03-01 15:38:15+00:00,20.666666666666664,1.2422682389032855,15622144.0,94.4862677783227,0.0,1.0,0.1182795698924731,0.1966635347770617,4.887719298245614,-0.7071067811865471,-0.7071067811865479,-0.7818314824680299,0.6234898018587334,1,13.355555555555553,19.266666666666666,5.355555555555554,2.0,2.0,2.0,0
2026-03-01 15:38:30+00:00,19.155555555555555,1.2208335217765007,15618048.0,94.47766749379652,0.0,0.0,0.1380510440835266,0.186443292548416,3.538011695906434,-0.7071067811865471,-0.7071067811865479,-0.7818314824680299,0.6234898018587334,1,12.31111111111111,19.288888888888884,4.177777777777777,2.0,2.0,2.0,0
2026-03-01 15:38:45+00:00,14.599999999999998,1.0306503596508194,15618048.0,94.46576763485476,0.0,1.0,0.1476407914764079,0.0293890670865382,-0.3754385964912288,-0.7071067811865471,-0.7071067811865479,-0.7818314824680299,0.6234898018587334,1,14.555555555555554,19.33333333333333,4.755555555555555,2.0,2.0,2.0,0
2026-03-01 15:39:00+00:00,8.333333333333332,0.6104248223865499,15618048.0,94.46655610834716,0.0,0.0,0.17866666666666667,-0.3234979535231727,-5.715789473684209,-0.7071067811865471,-0.7071067811865479,-0.7818314824680299,0.6234898018587334,1,19.688888888888886,19.377777777777776,5.177777777777777,2.0,2.0,2.0,0
2026-03-01 15:39:15+00:00,3.622222222222222,0.3478926464350349,15618048.0,94.48168930891907,0.0,1.0,0.16564417177914112,-0.5344334756532777,-9.490058479532163,-0.7071067811865471,-0.7071067811865479,-0.7818314824680299,0.6234898018587334,1,20.73333333333333,19.311111111111106,6.5555555555555545,3.0,2.0,2.0,0
2026-03-01 15:39:30+00:00,2.844444444444444,0.25997850075685336,15618048.0,94.50093867334168,0.0,0.0,0.125,-0.5789269130961775,-9.488888888888887,-0.7071067811865471,-0.7071067811865479,-0.7818314824680299,0.6234898018587334,1,14.670719999999998,15.533333333333331,11.2,2.0,2.0,2.0,0
2026-03-01 15:39:45+00:00,4.088888888888889,0.379833884858975,15618048.0,94.4530201342282,0.0,0.0,0.09239130434782608,-0.3902198854107271,-7.511111111111109,-0.7071067811865471,-0.7071067811865479,-0.7818314824680299,0.6234898018587334,1,14.51111111111111,13.555555555555554,15.955555555555554,2.0,2.0,2.0,0
2026-03-01 15:40:00+00:00,5.111111111111111,0.4498570415608868,15618048.0,94.42862292718098,0.0,0.0,0.0782608695652174,-0.28129226705567967,-5.734502923976608,-0.7071067811865471,-0.7071067811865479,-0.7818314824680299,0.6234898018587334,1,14.62222222222222,10.288888888888888,19.31111111111111,2.0,2.0,2.0,0
2026-03-01 15:40:15+00:00,6.533333333333333,0.45768716776051854,15618048.0,94.44404069767442,0.0,1.0,0.10884353741496598,-0.24478000995705085,-4.196491228070174,-0.7071067811865471,-0.7071067811865479,-0.7818314824680299,0.6234898018587334,1,18.455893333333336,13.377777777777776,19.377777777777776,2.0,2.0,2.0,0
2026-03-01 15:40:30+00:00,11.222222222222221,0.8487954600658034,15618048.0,94.44950911640953,0.0,1.0,0.13465346534653463,0.08646239799781374,0.11345029239766014,-0.7071067811865471,-0.7071067811865479,-0.7818314824680299,0.6234898018587334,1,19.599999999999998,9.844444444444443,19.2,2.0,2.0,2.0,0
2026-03-01 15:40:45+00:00,15.933333333333332,1.1194739979822064,15622144.0,94.42940038684719,0.0,1.0,0.13668061366806136,0.31404607228751835,3.807017543859649,-0.7071067811865471,-0.7071067811865479,-0.7818314824680299,0.6234898018587334,1,15.066666666666665,10.733333333333333,19.177777777777777,2.0,2.0,2.0,0
2026-03-01 15:41:00+00:00,19.288888888888884,1.0478915811282918,15622144.0,94.43707587908699,0.0,1.0,0.12788018433179724,0.1984549224032337,6.6327485380116915,-0.7071067811865471,-0.7071067811865479,-0.7818314824680299,0.6234898018587334,1,8.6,11.888888888888888,19.266666666666666,2.0,2.0,2.0,0
2026-03-01 15:41:15+00:00,19.466666666666665,1.2544876918158672,15626240.0,94.39331770222742,0.0,1.0,0.1187214611872146,0.38742640350851654,6.042105263157895,-0.7071067811865471,-0.7071067811865479,-0.7818314824680299,0.6234898018587334,1,3.7999999999999994,17.71111111111111,19.42222222222222,2.0,2.0,2.0,0
2026-03-01 15:41:30+00:00,19.51111111111111,1.269674701156185,15626240.0,94.35465448315249,0.0,0.0,0.12414578587699317,0.353588935123185,5.637426900584796,-0.7071067811865471,-0.7071067811865479,-0.7818314824680299,0.6234898018587334,1,2.5999999999999996,20.42222222222222,15.6,2.0,3.0,2.0,0
2026-03-01 15:41:45+00:00,19.488888888888884,1.2535549033605766,15622144.0,94.35423825887743,0.0,1.0,0.12656784492588372,0.3266651069025429,5.65380116959064,-0.7071067811865471,-0.7071067811865479,-0.7818314824680299,0.6234898018587334,1,3.7777777777777772,20.333333333333332,12.73333333333333,2.0,3.0,2.0,0
2026-03-01 15:42:00+00:00,19.288888888888888,1.0802460718822948,15622144.0,94.38333333333334,0.0,1.0,0.1382488479262673,0.15858989196420614,5.099415204678364,-0.7071067811865471,-0.7071067811865479,-0.7818314824680299,0.6234898018587334,1,4.755555555555555,20.333333333333332,7.044444444444443,2.0,3.0,2.0,0
2026-03-01 15:42:15+00:00,19.4,1.218850435746309,15618048.0,94.38335189309576,0.0,0.0,0.1466208476517755,0.29460098040861815,5.242105263157896,-0.7071067811865471,-0.7071067811865479,-0.7818314824680299,0.6234898018587334,1,6.333333333333333,20.355555555555554,6.822222222222222,2.0,3.0,2.0,0
2026-03-01 15:42:30+00:00,16.644444444444442,1.2149990084392692,15618048.0,94.39087759815243,0.0,1.0,0.1588785046728972,0.28647969459782907,3.0093567251461977,-0.7071067811865471,-0.7071067811865479,-0.7818314824680299,0.6234898018587334,1,11.133333333333333,19.377777777777776,3.977777777777777,2.0,2.0,2.0,0
2026-03-01 15:42:45+00:00,17.177777777777777,1.0997610841297223,15884288.0,94.35830429732869,0.0,1.0,0.15265200517464422,0.1825473633323187,3.5426900584795327,-0.7071067811865471,-0.7071067811865479,-0.7818314824680299,0.6234898018587334,1,15.822222222222221,15.42222222222222,10.244444444444444,2.0,2.0,2.0,0
2026-03-01 15:43:00+00:00,15.266666666666664,1.0357391937461853,15618048.0,94.3436754176611,0.0,0.0,0.14119359534206696,0.137551218876664,1.9614035087719284,-0.7071067811865471,-0.7071067811865479,-0.7818314824680299,0.6234898018587334,1,19.266666666666666,9.844444444444443,14.844444444444443,2.0,2.0,2.0,0
2026-03-01 15:43:15+00:00,13.355555555555553,0.7907167184679148,15618048.0,94.31461731493098,0.0,0.0,0.13144758735440934,-0.06754698468289333,0.6362573099415201,-0.7071067811865471,-0.7071067811865479,-0.7818314824680299,0.6234898018587334,1,19.266666666666666,5.355555555555554,20.866666666666664,2.0,2.0,3.0,0
2026-03-01 15:43:30+00:00,12.31111111111111,0.857275636141997,15884288.0,94.30614087898856,0.0,1.0,0.12093862815884476,-0.03157544324506578,-0.962573099415204,-0.7071067811865471,-0.7071067811865479,-0.7818314824680299,0.6234898018587334,1,19.288888888888884,4.177777777777777,20.73333333333333,2.0,2.0,3.0,0
2026-03-01 15:43:45+00:00,14.555555555555554,0.9274265167237623,15884288.0,94.33184855233853,0.0,1.0,0.15114503816793892,-0.024894226430123623,0.26783625730993954,-0.7071067811865471,-0.7071067811865479,-0.7818314824680299,0.6234898018587334,1,19.33333333333333,4.755555555555555,20.51111111111111,2.0,2.0,3.0,0
2026-03-01 15:44:00+00:00,19.688888888888886,1.3021115465047792,15630336.0,94.35324675324676,0.0,1.0,0.1489841986455982,0.27531125498500564,4.432748538011696,-0.7071067811865471,-0.7071067811865479,-0.7818314824680299,0.6234898018587334,1,19.377777777777776,5.177777777777777,20.755555555555556,2.0,2.0,3.0,0
2026-03-01 15:44:15+00:00,20.73333333333333,1.11066450439975,15630336.0,94.35531496062991,0.0,1.0,0.1564844587352626,0.06027638457174733,4.6350877192982445,-0.7071067811865471,-0.7071067811865479,-0.7818314824680299,0.6234898018587334,1,19.311111111111106,6.5555555555555545,20.755555555555553,2.0,2.0,3.0,0
2026-03-01 15:44:30+00:00,14.670719999999998,1.4101531361443136,15114240.0,94.3669474727453,0.0,1.0,0.1456701990073415,0.2921946925741272,-1.2857488148148146,-0.7071067811865471,-0.7071067811865479,-0.7818314824680299,0.6234898018587334,1,15.533333333333331,11.2,19.555555555555554,2.0,2.0,2.0,0
2026-03-01 15:44:45+00:00,14.51111111111111,1.316523948835138,15392768.0,94.4028625058658,0.0,1.0,0.14701378254211334,0.16568613560354017,-2.22930214379085,-0.7071067811865471,-0.7071067811865479,-0.7818314824680299,0.6234898018587334,1,13.555555555555554,15.955555555555554,14.91111111111111,2.0,2.0,2.0,0
2026-03-01 15:45:00+00:00,14.62222222222222,1.1763324167787994,15462400.0,94.36247723132969,0.0,1.0,0.14589665653495443,0.03598220339019598,-2.753304580409356,-0.7071067811865471,-0.7071067811865479,-0.7818314824680299,0.6234898018587334,1,10.288888888888888,19.31111111111111,8.511111111111111,2.0,2.0,2.0,0
2026-03-01 15:45:15+00:00,18.455893333333336,1.2167055646639122,15532032.0,94.37104072398189,0.0,1.0,0.14172881095402756,0.03432894881753179,1.032546176608193,-0.7071067811865471,-0.7071067811865479,-0.7818314824680299,0.6234898018587334,1,13.377777777777776,19.377777777777776,3.7111111111111104,2.0,2.0,2.0,0
2026-03-01 15:45:30+00:00,19.599999999999998,1.1997827527800278,15560704.0,94.38069216757741,0.0,0.0,0.1417233560090703,0.034940111491103876,2.2805508220551367,-0.7071067811865471,-0.7071067811865479,-0.7818314824680299,0.6234898018587334,1,9.844444444444443,19.2,2.3777777777777773,2.0,2.0,2.0,0
2026-03-01 15:45:45+00:00,15.066666666666665,0.9403468989935252,15568896.0,94.35246679316887,0.0,0.0,0.1504424778761062,-0.18327893140558527,-1.6422947962213232,-0.7071067811865471,-0.7071067811865479,-0.7818314824680299,0.6234898018587334,1,10.733333333333333,19.177777777777777,3.044444444444444,2.0,2.0,2.0,0
2026-03-01 15:46:00+00:00,8.6,0.5984399551066182,15572992.0,94.38001002004007,0.0,0.0,0.15503875968992245,-0.4809675362382909,-7.144094216374267,-0.7071067811865471,-0.7071067811865479,-0.7818314824680299,0.6234898018587334,1,11.888888888888888,19.266666666666666,3.3999999999999995,2.0,2.0,2.0,0
2026-03-01 15:46:15+00:00,3.7999999999999994,0.27481455754299006,15843328.0,94.39124668435014,0.0,0.0,0.14619883040935672,-0.7501031199339185,-11.038884280701755,-0.7071067811865471,-0.7071067811865479,-0.7818314824680299,0.6234898018587334,1,17.71111111111111,19.42222222222222,5.155555555555555,2.0,2.0,2.0,0
2026-03-01 15:46:30+00:00,2.5999999999999996,0.24787306404352796,15851520.0,94.35064935064935,0.0,1.0,0.05128205128205128,-0.7427667020545471,-11.442456919298245,-0.7071067811865471,-0.7071067811865479,-0.7818314824680299,0.6234898018587334,1,20.42222222222222,15.6,10.355555555555554,3.0,2.0,2.0,0
2026-03-01 15:46:45+00:00,3.7777777777777772,0.3356573983512601,15589376.0,94.31422569027612,0.0,0.0,0.07647058823529412,-0.6106846417992512,-9.517388779727096,-0.7071067811865471,-0.7071067811865479,-0.7818314824680299,0.6234898018587334,1,20.333333333333332,12.73333333333333,15.666666666666666,3.0,2.0,2.0,0
2026-03-01 15:47:00+00:00,4.755555555555555,0.4216170272221331,15601664.0,94.31528662420382,0.0,0.0,0.07009345794392523,-0.4875028878773453,-7.771287523391813,-0.7071067811865471,-0.7071067811865479,-0.7818314824680299,0.6234898018587334,1,20.333333333333332,7.044444444444443,19.2,3.0,2.0,2.0,0
2026-03-01 15:47:15+00:00,6.333333333333333,0.5137785433691155,15622144.0,94.29722759509993,0.0,1.0,0.07017543859649122,-0.3638207388288429,-6.081354496240599,-0.7071067811865471,-0.7071067811865479,-0.7818314824680299,0.6234898018587334,1,20.355555555555554,6.822222222222222,19.333333333333332,3.0,2.0,2.0,0
2026-03-01 15:47:30+00:00,11.133333333333333,0.8147857797964947,15659008.0,94.3420205920206,0.0,1.0,0.08782435129740519,-0.08318931548082187,-1.207837555555555,-0.7071067811865471,-0.7071067811865479,-0.7818314824680299,0.6234898018587334,1,19.377777777777776,3.977777777777777,19.222222222222218,2.0,2.0,2.0,0
2026-03-01 15:47:45+00:00,15.822222222222221,1.0446997169644359,15667200.0,94.34748427672956,0.0,1.0,0.0997191011235955,0.13726398790147643,3.2071329450292403,-0.7071067811865471,-0.7071067811865479,-0.7818314824680299,0.6234898018587334,1,15.42222222222222,10.244444444444444,19.355555555555554,2.0,2.0,2.0,0
2026-03-01 15:48:00+00:00,19.266666666666666,1.2498041050231021,15671296.0,94.34937611408199,0.0,1.0,0.10841983852364474,0.28982421179700346,5.919298245614035,-0.7071067811865471,-0.7071067811865479,-0.7818314824680299,0.6234898018587334,1,9.844444444444443,14.844444444444443,19.199999999999996,2.0,2.0,2.0,0
2026-03-01 15:48:15+00:00,19.266666666666666,1.01197268447662,15671296.0,94.29039952295766,0.0,1.0,0.10957324106113032,0.06476790963248635,5.8280701754385955,-0.7071067811865471,-0.7071067811865479,-0.7818314824680299,0.6234898018587334,1,5.355555555555554,20.866666666666664,19.555555555555554,2.0,3.0,2.0,0
2026-03-01 15:48:30+00:00,19.288888888888884,1.1923165390168013,15671296.0,94.30281268701377,0.0,1.0,0.12211981566820278,0.24662649044649498,5.927485380116956,-0.7071067811865471,-0.7071067811865479,-0.7818314824680299,0.6234898018587334,1,4.177777777777777,20.73333333333333,15.977777777777776,2.0,3.0,2.0,0
2026-03-01 15:48:45+00:00,19.33333333333333,1.206550694801833,15667200.0,94.31572629051621,0.0,1.0,0.12528735632183907,0.2552879084623021,6.042105263157891,-0.7071067811865471,-0.7071067811865479,-0.7818314824680299,0.6234898018587334,1,4.755555555555555,20.51111111111111,12.599999999999998,2.0,3.0,2.0,0
2026-03-01 15:49:00+00:00,19.377777777777776,1.0753162013608235,15667200.0,94.3100845410628,0.0,1.0,0.14105504587155965,0.19800337883267394,6.153216374269007,-0.7071067811865471,-0.7071067811865479,-0.7818314824680299,0.6234898018587334,1,5.177777777777777,20.755555555555556,7.199999999999999,2.0,3.0,2.0,0
2026-03-01 15:49:15+00:00,19.311111111111106,1.2143849735224193,15667200.0,94.33834263377398,0.0,1.0,0.12888377445339474,0.2849295363386589,5.490456912280697,-0.7071067811865471,-0.7071067811865479,-0.7818314824680299,0.6234898018587334,1,6.5555555555555545,20.755555555555553,7.511111111111111,2.0,3.0,2.0,0
2026-03-01 15:49:30+00:00,15.533333333333331,0.9993438292770307,15667200.0,94.32504440497335,0.0,0.0,0.12017167381974247,0.10178862799909971,2.0807017543859647,-0.7071067811865471,-0.7071067811865479,-0.7818314824680299,0.6234898018587334,1,11.2,19.555555555555554,5.799999999999999,2.0,2.0,2.0,0
2026-03-01 15:49:45+00:00,13.555555555555554,0.9662471599768238,15671296.0,94.37915407854985,0.0,0.0,0.10491803278688525,0.08040850688016765,0.4994152046783622,-0.7071067811865471,-0.7071067811865479,-0.7818314824680299,0.6234898018587334,1,15.955555555555554,14.91111111111111,7.866666666666666,2.0,2.0,2.0,0
2026-03-01 15:50:00+00:00,10.288888888888888,0.8554795106510558,15667200.0,94.40889029003783,0.0,1.0,0.11015118790496758,-0.0034316483321422675,-2.156725146198829,-0.7071067811865471,-0.7071067811865479,-0.7818314824680299,0.6234898018587334,1,19.31111111111111,8.511111111111111,11.555555555555555,2.0,2.0,2.0,0
2026-03-01 15:50:15+00:00,13.377777777777776,0.7196042992397139,15663104.0,94.43992490613267,0.0,1.0,0.15448504983388703,-0.12836897199845176,0.9076023391812864,-0.7071067811865471,-0.7071067811865479,-0.7818314824680299,0.6234898018587334,1,19.377777777777776,3.7111111111111104,17.088888888888885,2.0,2.0,2.0,0
2026-03-01 15:50:30+00:00,9.844444444444443,0.6988828886065325,15663104.0,94.48957016434893,0.0,0.0,0.16478555304740405,-0.1403856247054498,-2.387134502923976,-0.7071067811865471,-0.7071067811865479,-0.7818314824680299,0.6234898018587334,1,19.2,2.3777777777777773,20.777777777777775,2.0,2.0,3.0,0
2026-03-01 15:50:45+00:00,10.733333333333333,0.8348529629082228,15679488.0,94.46873102610807,0.0,1.0,0.17391304347826086,-0.04312659862553536,-2.049122807017543,-0.7071067811865471,-0.7071067811865479,-0.7818314824680299,0.6234898018587334,1,19.177777777777777,3.044444444444444,20.688888888888886,2.0,2.0,3.0,0
2026-03-01 15:51:00+00:00,11.888888888888888,0.8894800804295468,15679488.0,94.44271128757799,0.0,1.0,0.14766355140186918,-0.04560017324228838,-1.8584795321637415,-0.7071067811865471,-0.7071067811865479,-0.7818314824680299,0.6234898018587334,1,19.266666666666666,3.3999999999999995,20.71111111111111,2.0,2.0,3.0,0
2026-03-01 15:51:15+00:00,17.71111111111111,1.2400919918229591,15679488.0,94.46466524973434,0.0,1.0,0.15307402760351319,0.2621540113998263,3.0935672514619874,-0.7071067811865471,-0.7071067811865479,-0.7818314824680299,0.6234898018587334,1,19.42222222222222,5.155555555555555,20.599999999999998,2.0,2.0,3.0,0
2026-03-01 15:51:30+00:00,20.42222222222222,1.2867684938316464,15675392.0,94.5169745381927,0.0,1.0,0.1501632208922742,0.26487700705236583,5.011695906432749,-0.7071067811865471,-0.7071067811865479,-0.7818314824680299,0.6234898018587334,1,15.6,10.355555555555554,19.466666666666665,2.0,2.0,2.0,0
2026-03-01 15:51:45+00:00,20.333333333333332,1.29806961232898,15679488.0,94.54931571495989,0.0,1.0,0.14754098360655737,0.232618061409412,4.126315789473683,-0.7071067811865471,-0.7071067811865479,-0.7818314824680299,0.6234898018587334,1,12.73333333333333,15.666666666666666,15.711111111111109,2.0,2.0,2.0,0
2026-03-01 15:52:00+00:00,20.333333333333332,1.0733596539894326,15679488.0,94.53395624430263,0.0,1.0,0.13442622950819672,0.01726182259815756,3.5052631578947384,-0.7071067811865471,-0.7071067811865479,-0.7818314824680299,0.6234898018587334,1,7.044444444444443,19.2,9.91111111111111,2.0,2.0,2.0,0
2026-03-01 15:52:15+00:00,20.355555555555554,1.3196279874553714,15945728.0,94.53387903592542,0.0,0.0,0.13864628820960698,0.22420114834295402,3.4888888888888907,-0.7071067811865471,-0.7071067811865479,-0.7818314824680299,0.6234898018587334,1,6.822222222222222,19.333333333333332,5.444444444444444,2.0,2.0,2.0,0
2026-03-01 15:52:30+00:00,19.377777777777776,1.3245725635451258,15679488.0,94.50069028992176,0.0,1.0,0.13990825688073394,0.22175395295434597,2.609356725146199,-0.7071067811865471,-0.7071067811865479,-0.7818314824680299,0.6234898018587334,1,3.977777777777777,19.222222222222218,4.155555555555555,2.0,2.0,2.0,0
2026-03-01 15:52:45+00:00,15.42222222222222,1.0867855820269319,15675392.0,94.52651515151516,0.0,0.0,0.14985590778097982,0.0021300285629450855,-0.7988304093567251,-0.7071067811865471,-0.7071067811865479,-0.7818314824680299,0.6234898018587334,1,10.244444444444444,19.355555555555554,4.71111111111111,2.0,2.0,2.0,0
2026-03-01 15:53:00+00:00,9.844444444444443,0.8567771777805704,15679488.0,94.58498023715416,0.0,0.0,0.14221218961625284,-0.14302737140442567,-5.534502923976607,-0.7071067811865471,-0.7071067811865479,-0.7818314824680299,0.6234898018587334,1,14.844444444444443,19.199999999999996,5.177777777777777,2.0,2.0,2.0,0
2026-03-01 15:53:15+00:00,5.355555555555554,0.4994713571703041,15687680.0,94.58398539384454,0.0,1.0,0.1203319502074689,-0.48440447184682167,-9.212865497076024,-0.7071067811865471,-0.7071067811865479,-0.7818314824680299,0.6234898018587334,1,20.866666666666664,19.555555555555554,6.377777777777777,3.0,2.0,2.0,0
2026-03-01 15:53:30+00:00,4.177777777777777,0.4084566596194471,15687680.0,94.54922566371681,0.0,0.0,0.07978723404255318,-0.527740276848824,-9.650292397660817,-0.7071067811865471,-0.7071067811865479,-0.7818314824680299,0.6234898018587334,1,20.73333333333333,15.977777777777776,11.222222222222221,3.0,2.0,2.0,0
2026-03-01 15:53:45+00:00,4.755555555555555,0.3616906026211762,15687680.0,94.58115183246073,0.0,0.0,0.0794392523364486,-0.5580561844400975,-8.314619883040935,-0.7071067811865471,-0.7071067811865479,-0.7818314824680299,0.6234898018587334,1,20.51111111111111,12.599999999999998,16.08888888888889,3.0,2.0,2.0,0
2026-03-01 15:54:00+00:00,5.177777777777777,0.46342316573042186,15699968.0,94.56917850525015,0.0,0.0,0.09871244635193134,-0.3961507236621462,-7.15906432748538,-0.7071067811865471,-0.7071067811865479,-0.7818314824680299,0.6234898018587334,1,20.755555555555556,7.199999999999999,19.44444444444444,3.0,2.0,2.0,0
2026-03-01 15:54:15+00:00,6.5555555555555545,0.5237736642723838,15699968.0,94.58690330477357,0.0,1.0,0.11864406779661017,-0.3153940967679979,-5.854970760233917,-0.7071067811865471,-0.7071067811865479,-0.7818314824680299,0.6234898018587334,1,20.755555555555553,7.511111111111111,19.422222222222217,3.0,2.0,2.0,0
2026-03-01 15:54:30+00:00,11.2,0.8182195013954384,15708160.0,94.54490657022302,0.0,1.0,0.13888888888888887,-0.07549584912671536,-1.4982456140350884,-0.7071067811865471,-0.7071067811865479,-0.7818314824680299,0.6234898018587334,1,19.555555555555554,5.799999999999999,19.288888888888888,2.0,2.0,2.0,0
2026-03-01 15:54:45+00:00,15.955555555555554,0.8421419285647922,15708160.0,94.52062754212668,0.0,0.0,0.14484679665738162,-0.04493582757669434,2.723976608187135,-0.7071067811865471,-0.7071067811865479,-0.7818314824680299,0.6234898018587334,1,14.91111111111111,7.866666666666666,19.44444444444444,2.0,2.0,2.0,0
2026-03-01 15:55:00+00:00,19.31111111111111,1.308847886980886,15966208.0,94.53932261768084,0.0,0.0,0.14039125431530494,0.36438297082133275,5.96374269005848,-0.7071067811865471,-0.7071067811865479,-0.7818314824680299,0.6234898018587334,1,8.511111111111111,11.555555555555555,19.599999999999998,2.0,2.0,2.0,0
2026-03-01 15:55:15+00:00,19.377777777777776,1.3163800181495966,15699968.0,94.52972972972972,0.0,1.0,0.1353211009174312,0.314499376748959,5.174269005847954,-0.7071067811865471,-0.7071067811865479,-0.7818314824680299,0.6234898018587334,1,3.7111111111111104,17.088888888888885,19.977777777777778,2.0,2.0,2.0,0
2026-03-01 15:55:30+00:00,19.2,0.8899350000000086,15699968.0,94.58528951486697,0.0,1.0,0.13888888888888887,-0.10688578504617707,4.631578947368421,-0.7071067811865471,-0.7071067811865479,-0.7818314824680299,0.6234898018587334,1,2.3777777777777773,20.777777777777775,16.91111111111111,2.0,3.0,2.0,0
2026-03-01 15:55:45+00:00,19.177777777777777,1.3038145502134648,15704064.0,94.63376623376624,0.0,1.0,0.14600231749710313,0.3042362845824602,4.6795321637426905,-0.7071067811865471,-0.7071067811865479,-0.7818314824680299,0.6234898018587334,1,3.044444444444444,20.688888888888886,11.533333333333333,2.0,3.0,2.0,0
2026-03-01 15:56:00+00:00,19.266666666666666,1.273702093351394,15704064.0,94.62402088772846,0.0,1.0,0.1372549019607843,0.2764567517252441,4.817543859649124,-0.7071067811865471,-0.7071067811865479,-0.7818314824680299,0.6234898018587334,1,3.3999999999999995,20.71111111111111,8.11111111111111,2.0,3.0,2.0,0
2026-03-01 15:56:15+00:00,19.42222222222222,1.0192740174449333,15699968.0,94.62434554973822,0.0,0.0,0.11899313501144164,0.019527752086380135,5.011695906432749,-0.7071067811865471,-0.7071067811865479,-0.7818314824680299,0.6234898018587334,1,5.155555555555555,20.599999999999998,7.933333333333333,2.0,3.0,2.0,0
2026-03-01 15:56:30+00:00,15.6,1.0504939827614401,15699968.0,94.58701657458563,0.0,0.0,0.11823361823361822,0.08866192984163257,1.8491228070175456,-0.7071067811865471,-0.7071067811865479,-0.7818314824680299,0.6234898018587334,1,10.355555555555554,19.466666666666665,8.11111111111111,2.0,2.0,2.0,0
2026-03-01 15:56:45+00:00,12.73333333333333,0.897812341438648,15704064.0,94.62108262108262,0.0,0.0,0.12914485165794068,-0.02659886321158178,-0.5157894736842135,-0.7071067811865471,-0.7071067811865479,-0.7818314824680299,0.6234898018587334,1,15.666666666666666,15.711111111111109,4.755555555555555,2.0,2.0,2.0,0
2026-03-01 15:57:00+00:00,7.044444444444443,0.5679738906909448,15704064.0,94.64263897373243,0.0,1.0,0.1640378548895899,-0.32189243296297587,-5.264327485380117,-0.7071067811865471,-0.7071067811865479,-0.7818314824680299,0.6234898018587334,1,19.2,9.91111111111111,1.5999999999999996,2.0,2.0,2.0,0
2026-03-01 15:57:15+00:00,6.822222222222222,0.516721755621766,15699968.0,94.67956852791879,0.0,0.0,0.1791530944625407,-0.33842855683147,-4.946198830409355,-0.7071067811865471,-0.7071067811865479,-0.7818314824680299,0.6234898018587334,1,19.333333333333332,5.444444444444444,3.9111111111111105,2.0,2.0,2.0,0
2026-03-01 15:57:30+00:00,3.977777777777777,0.3565922814387205,15695872.0,94.65409836065574,0.0,1.0,0.20670391061452514,-0.4734919084093867,-7.4643274853801165,-0.7071067811865471,-0.7071067811865479,-0.7818314824680299,0.6234898018587334,1,19.222222222222218,4.155555555555555,8.977777777777776,2.0,2.0,2.0,0
2026-03-01 15:57:45+00:00,10.244444444444444,0.8274513808518796,15704064.0,94.56535141800248,0.0,1.0,0.18221258134490237,-0.05066876493936012,-2.1274853801169584,-0.7071067811865471,-0.7071067811865479,-0.7818314824680299,0.6234898018587334,1,19.355555555555554,4.71111111111111,15.02222222222222,2.0,2.0,2.0,0
2026-03-01 15:58:00+00:00,14.844444444444443,0.9108183329718778,15704064.0,94.52346465816917,0.0,1.0,0.16916167664670656,-0.003375547725782302,1.5777777777777775,-0.7071067811865471,-0.7071067811865479,-0.7818314824680299,0.6234898018587334,1,19.199999999999996,5.177777777777777,17.466666666666665,2.0,2.0,2.0,0
2026-03-01 15:58:15+00:00,20.866666666666664,1.263533400663682,15704064.0,94.55778621812262,0.0,1.0,0.15761448349307774,0.266375299618386,6.789473684210524,-0.7071067811865471,-0.7071067811865479,-0.7818314824680299,0.6234898018587334,1,19.555555555555554,6.377777777777777,18.644444444444442,2.0,2.0,2.0,0
2026-03-01 15:58:30+00:00,20.73333333333333,1.344893576155475,15704064.0,94.55489994869164,0.0,1.0,0.14040728831725618,0.33230952185988394,5.838596491228071,-0.7071067811865471,-0.7071067811865479,-0.7818314824680299,0.6234898018587334,1,15.977777777777776,11.222222222222221,17.111111111111107,2.0,2.0,2.0,0
2026-03-01 15:58:45+00:00,20.51111111111111,1.3793187788749102,15704064.0,94.55817916260955,0.0,1.0,0.13109425785482123,0.32202751497827675,4.8233918128654985,-0.7071067811865471,-0.7071067811865479,-0.7818314824680299,0.6234898018587334,1,12.599999999999998,16.08888888888889,12.599999999999998,2.0,2.0,2.0,0
2026-03-01 15:59:00+00:00,20.755555555555556,1.1161783529094014,15704064.0,94.48149027052682,0.0,1.0,0.1274089935760171,0.027173809153641315,4.436257309941521,-0.7071067811865471,-0.7071067811865479,-0.7818314824680299,0.6234898018587334,1,7.199999999999999,19.44444444444444,7.377777777777777,2.0,2.0,2.0,0
2026-03-01 15:59:15+00:00,20.755555555555553,1.3101253991743909,15704064.0,94.49222431668237,0.0,1.0,0.13383297644539616,0.2199060676918665,4.352046783625731,-0.7071067811865471,-0.7071067811865479,-0.7818314824680299,0.6234898018587334,1,7.511111111111111,19.422222222222217,4.044444444444444,2.0,2.0,2.0,0
2026-03-01 15:59:30+00:00,19.555555555555554,1.2919826255331457,15708160.0,94.50545540796963,0.0,1.0,0.12386363636363637,0.24863612175319294,3.299415204678361,-0.7071067811865471,-0.7071067811865479,-0.7818314824680299,0.6234898018587334,1,5.799999999999999,19.288888888888888,4.088888888888889,2.0,2.0,2.0,0
2026-03-01 15:59:45+00:00,14.91111111111111,1.1356573802541399,15695872.0,94.46969696969697,0.0,0.0,0.13114754098360656,0.06756752431282176,-0.7134502923976616,-0.7071067811865471,-0.7071067811865479,-0.7818314824680299,0.6234898018587334,1,7.866666666666666,19.44444444444444,4.622222222222222,2.0,2.0,2.0,0
2026-03-01 16:00:00+00:00,8.511111111111111,0.7078446966958287,15695872.0,94.45416004239533,0.0,0.0,0.1331592689295039,-0.2861450273291962,-6.1766081871345015,-0.8660254037844384,-0.5000000000000004,-0.7818314824680299,0.6234898018587334,1,11.555555555555555,19.599999999999998,5.088888888888889,2.0,2.0,2.0,0
2026-03-01 16:00:15+00:00,3.7111111111111104,0.4105281051677118,15695872.0,94.41543700340522,0.0,0.0,0.18562874251497008,-0.48356258450200845,-10.099415204678362,-0.8660254037844384,-0.5000000000000004,-0.7818314824680299,0.6234898018587334,1,17.088888888888885,19.977777777777778,6.577777777777777,2.0,2.0,2.0,0
2026-03-01 16:00:30+00:00,2.3777777777777773,0.25930554972063147,15695872.0,94.3677635588056,0.0,0.0,0.17757009345794394,-0.6348654511227774,-10.594152046783623,-0.8660254037844384,-0.5000000000000004,-0.7818314824680299,0.6234898018587334,1,20.777777777777775,16.91111111111111,11.466666666666665,3.0,2.0,2.0,0
2026-03-01 16:00:45+00:00,3.044444444444444,0.2817282770537223,15695872.0,94.34184675834969,0.0,0.0,0.1386861313868613,-0.5470430307329921,-9.081871345029239,-0.8660254037844384,-0.5000000000000004,-0.7818314824680299,0.6234898018587334,1,20.688888888888886,11.533333333333333,16.177777777777777,3.0,2.0,2.0,0
2026-03-01 16:01:00+00:00,3.3999999999999995,0.3162298652048142,15699968.0,94.28749111584932,0.0,0.0,0.1111111111111111,-0.46327398710081713,-7.8807017543859645,-0.8660254037844384,-0.5000000000000004,-0.7818314824680299,0.6234898018587334,1,20.71111111111111,8.11111111111111,19.42222222222222,3.0,2.0,2.0,0
2026-03-01 16:01:15+00:00,5.155555555555555,0.41978432520851877,15962112.0,94.28242381289866,0.0,1.0,0.14655172413793105,-0.3649362833134577,-6.167251461988304,-0.8660254037844384,-0.5000000000000004,-0.7818314824680299,0.6234898018587334,1,20.599999999999998,7.933333333333333,19.377777777777776,3.0,2.0,2.0,0
2026-03-01 16:01:30+00:00,10.355555555555554,0.6799600806214987,15704064.0,94.28888130968622,0.0,1.0,0.12446351931330472,-0.12794173130851538,-1.3953216374268997,-0.8660254037844384,-0.5000000000000004,-0.7818314824680299,0.6234898018587334,1,19.466666666666665,8.11111111111111,19.42222222222222,2.0,2.0,2.0,0
2026-03-01 16:01:45+00:00,15.666666666666666,1.0821072977771955,15699968.0,94.30625790139065,0.0,1.0,0.11773049645390071,0.23505075428305,3.0245614035087733,-0.8660254037844384,-0.5000000000000004,-0.7818314824680299,0.6234898018587334,1,15.711111111111109,4.755555555555555,19.399999999999995,2.0,2.0,2.0,0
2026-03-01 16:02:00+00:00,19.2,1.2430146405073732,15704064.0,94.35897435897436,0.0,1.0,0.10763888888888888,0.3474816353832878,5.92280701754386,-0.8660254037844384,-0.5000000000000004,-0.7818314824680299,0.6234898018587334,1,9.91111111111111,1.5999999999999996,19.46666666666666,2.0,2.0,2.0,0
2026-03-01 16:02:15+00:00,19.333333333333332,1.2516062899391585,15704064.0,94.37639198218261,0.0,0.0,0.11609195402298851,0.3144719813140586,5.157894736842104,-0.8660254037844384,-0.5000000000000004,-0.7818314824680299,0.6234898018587334,1,5.444444444444444,3.9111111111111105,19.666666666666664,2.0,2.0,2.0,0
2026-03-01 16:02:30+00:00,19.222222222222218,1.2397837195484094,15699968.0,94.42232739420936,0.0,1.0,0.11676300578034683,0.28911775371759374,5.1625730994152015,-0.8660254037844384,-0.5000000000000004,-0.7818314824680299,0.6234898018587334,1,4.155555555555555,8.977777777777776,15.955555555555552,2.0,2.0,2.0,0
2026-03-01 16:02:45+00:00,19.355555555555554,1.2433960931983905,15704064.0,94.43156424581005,0.0,0.0,0.11710677382319173,0.2990965705420632,5.366081871345029,-0.8660254037844384,-0.5000000000000004,-0.7818314824680299,0.6234898018587334,1,4.71111111111111,15.02222222222222,11.844444444444443,2.0,2.0,2.0,0
2026-03-01 16:03:00+00:00,19.199999999999996,1.2161028820760027,15699968.0,94.4311797752809,0.0,1.0,0.12500000000000003,0.3003317181498182,5.287719298245612,-0.8660254037844384,-0.5000000000000004,-0.7818314824680299,0.6234898018587334,1,5.177777777777777,17.466666666666665,9.91111111111111,2.0,2.0,2.0,0
2026-03-01 16:03:15+00:00,19.555555555555554,1.2294136807817835,15704064.0,94.40577249575551,0.0,1.0,0.12386363636363637,0.31015379317707314,5.681871345029238,-0.8660254037844384,-0.5000000000000004,-0.7818314824680299,0.6234898018587334,1,6.377777777777777,18.644444444444442,9.288888888888888,2.0,2.0,2.0,0
2026-03-01 16:03:30+00:00,15.977777777777776,0.9849534080696415,15699968.0,94.36718284693269,0.0,0.0,0.1404728789986092,0.10226496178713462,2.704093567251462,-0.8660254037844384,-0.5000000000000004,-0.7818314824680299,0.6234898018587334,1,11.222222222222221,17.111111111111107,10.799999999999999,2.0,2.0,2.0,0
2026-03-01 16:03:45+00:00,12.599999999999998,0.772443801332862,15699968.0,94.4406674907293,0.0,0.0,0.13932980599647268,-0.07197391345290782,-0.024561403508771562,-0.8660254037844384,-0.5000000000000004,-0.7818314824680299,0.6234898018587334,1,16.08888888888889,12.599999999999998,12.777777777777777,2.0,2.0,2.0,0
2026-03-01 16:04:00+00:00,7.199999999999999,0.4382283922187662,15699968.0,94.45255474452554,0.0,0.0,0.1851851851851852,-0.353489134763061,-4.533333333333331,-0.8660254037844384,-0.5000000000000004,-0.7818314824680299,0.6234898018587334,1,19.44444444444444,7.377777777777777,17.444444444444443,2.0,2.0,2.0,0
2026-03-01 16:04:15+00:00,7.511111111111111,0.4374204882776806,15699968.0,94.40435082872928,0.0,0.0,0.22485207100591714,-0.30868805648241854,-3.860818713450291,-0.8660254037844384,-0.5000000000000004,-0.7818314824680299,0.6234898018587334,1,19.422222222222217,4.044444444444444,20.377777777777776,2.0,2.0,3.0,0
2026-03-01 16:04:30+00:00,5.799999999999999,0.45128668741065936,15695872.0,94.39915671117357,0.0,0.0,0.26819923371647514,-0.2904048361818926,-5.385964912280702,-0.8660254037844384,-0.5000000000000004,-0.7818314824680299,0.6234898018587334,1,19.288888888888888,4.088888888888889,20.555555555555554,2.0,2.0,3.0,0
2026-03-01 16:04:45+00:00,7.866666666666666,0.4948423804398065,15695872.0,94.38896411645226,0.0,1.0,0.22316384180790957,-0.27491053026075435,-3.764912280701753,-0.8660254037844384,-0.5000000000000004,-0.7818314824680299,0.6234898018587334,1,19.44444444444444,4.622222222222222,20.688888888888886,2.0,2.0,3.0,0
2026-03-01 16:05:00+00:00,11.555555555555555,0.7082634851180142,15966208.0,94.32406822488944,0.0,1.0,0.16346153846153844,-0.12814580861448777,-1.0549707602339176,-0.8660254037844384,-0.5000000000000004,-0.7818314824680299,0.6234898018587334,1,19.599999999999998,5.088888888888889,20.84444444444444,2.0,2.0,3.0,0
2026-03-01 16:05:15+00:00,17.088888888888885,0.9515649510719452,15704064.0,94.36805149210065,0.0,1.0,0.13914174252275682,0.06377761447961283,3.580116959064325,-0.8660254037844384,-0.5000000000000004,-0.7818314824680299,0.6234898018587334,1,19.977777777777778,6.577777777777777,20.644444444444442,2.0,2.0,3.0,0
2026-03-01 16:05:30+00:00,20.777777777777775,1.0873754245324059,15704064.0,94.35337726523889,0.0,1.0,0.1336898395721925,0.1572542277413601,6.346198830409355,-0.8660254037844384,-0.5000000000000004,-0.7818314824680299,0.6234898018587334,1,16.91111111111111,11.466666666666665,19.577777777777776,2.0,2.0,2.0,0
2026-03-01 16:05:45+00:00,20.688888888888886,1.2918805647989922,15704064.0,94.36307374935534,0.0,1.0,0.1364124597207304,0.2873798339560141,5.348538011695906,-0.8660254037844384,-0.5000000000000004,-0.7818314824680299,0.6234898018587334,1,11.533333333333333,16.177777777777777,15.688888888888888,2.0,2.0,2.0,0
2026-03-01 16:06:00+00:00,20.71111111111111,1.2824544369601654,15966208.0,94.37994071146244,0.0,1.0,0.13626609442060086,0.24808692715638125,4.746198830409355,-0.8660254037844384,-0.5000000000000004,-0.7818314824680299,0.6234898018587334,1,8.11111111111111,19.42222222222222,10.111111111111109,2.0,2.0,2.0,0
2026-03-01 16:06:15+00:00,20.599999999999998,1.2582398004632194,15708160.0,94.35865811544153,0.0,1.0,0.14239482200647247,0.22544864036386603,4.550877192982455,-0.8660254037844384,-0.5000000000000004,-0.7818314824680299,0.6234898018587334,1,7.933333333333333,19.377777777777776,5.6,2.0,2.0,2.0,0
2026-03-01 16:06:30+00:00,19.466666666666665,1.227215991316937,15708160.0,94.35231228244655,0.0,0.0,0.1358447488584475,0.20835534640997855,3.526315789473685,-0.8660254037844384,-0.5000000000000004,-0.7818314824680299,0.6234898018587334,1,8.11111111111111,19.42222222222222,4.199999999999999,2.0,2.0,2.0,0
2026-03-01 16:06:45+00:00,15.711111111111109,1.0136005410809807,15966208.0,94.3389175257732,0.0,1.0,0.13719943422913722,0.02026060437143118,0.2970760233918117,-0.8660254037844384,-0.5000000000000004,-0.7818314824680299,0.6234898018587334,1,4.755555555555555,19.399999999999995,4.822222222222221,2.0,2.0,2.0,0
2026-03-01 16:07:00+00:00,9.91111111111111,0.703709895197071,15695872.0,94.34604904632151,0.0,0.0,0.12107623318385649,-0.25562502545510657,-4.650292397660818,-0.8660254037844384,-0.5000000000000004,-0.7818314824680299,0.6234898018587334,1,1.5999999999999996,19.46666666666666,5.244444444444444,2.0,2.0,2.0,0
2026-03-01 16:07:15+00:00,5.444444444444444,0.30459767331727794,15699968.0,94.34726224783863,0.0,0.0,0.09795918367346938,-0.5838049828240129,-8.320467836257308,-0.8660254037844384,-0.5000000000000004,-0.7818314824680299,0.6234898018587334,1,3.9111111111111105,19.666666666666664,6.444444444444444,2.0,2.0,2.0,0
2026-03-01 16:07:30+00:00,4.155555555555555,0.32557432530507685,15699968.0,94.35292326431181,0.0,0.0,0.0802139037433155,-0.5380806824288868,-8.858479532163742,-0.8660254037844384,-0.5000000000000004,-0.7818314824680299,0.6234898018587334,1,8.977777777777776,15.955555555555552,11.288888888888888,2.0,2.0,2.0,0
2026-03-01 16:07:45+00:00,4.71111111111111,0.3945023173692259,15699968.0,94.31773879142301,0.0,0.0,0.08018867924528301,-0.43241178479784537,-7.562573099415204,-0.8660254037844384,-0.5000000000000004,-0.7818314824680299,0.6234898018587334,1,15.02222222222222,11.844444444444443,15.933333333333332,2.0,2.0,2.0,0
2026-03-01 16:08:00+00:00,5.177777777777777,0.46393603060565236,15695872.0,94.34001382170007,0.0,0.0,0.0815450643776824,-0.3117794819076941,-6.316959064327484,-0.8660254037844384,-0.5000000000000004,-0.7818314824680299,0.6234898018587334,1,17.466666666666665,9.91111111111111,19.577777777777776,2.0,2.0,2.0,0
2026-03-01 16:08:15+00:00,6.377777777777777,0.46858954793636104,15695872.0,94.36941580756015,0.0,1.0,0.12195121951219512,-0.30876432964570216,-5.120467836257309,-0.8660254037844384,-0.5000000000000004,-0.7818314824680299,0.6234898018587334,1,18.644444444444442,9.288888888888888,19.488888888888884,2.0,2.0,2.0,0
2026-03-01 16:08:30+00:00,11.222222222222221,0.8044616603574353,15704064.0,94.35611038107753,0.0,1.0,0.1386138613861386,-0.027348590842512066,-0.8339181286549717,-0.8660254037844384,-0.5000000000000004,-0.7818314824680299,0.6234898018587334,1,17.111111111111107,10.799999999999999,19.599999999999994,2.0,2.0,2.0,0
2026-03-01 16:08:45+00:00,16.08888888888889,1.0415063446582031,15704064.0,94.29546865301056,0.0,1.0,0.12983425414364638,0.16317719493220129,3.1906432748538034,-0.8660254037844384,-0.5000000000000004,-0.7818314824680299,0.6234898018587334,1,12.599999999999998,12.777777777777777,19.577777777777776,2.0,2.0,2.0,0
2026-03-01 16:09:00+00:00,19.44444444444444,1.2283581294606385,15704064.0,94.33115338882284,0.0,0.0,0.1245714285714286,0.3471472518883133,6.061988304093564,-0.8660254037844384,-0.5000000000000004,-0.7818314824680299,0.6234898018587334,1,7.377777777777777,17.444444444444443,19.555555555555554,2.0,2.0,2.0,0
2026-03-01 16:09:15+00:00,19.422222222222217,1.26616501416429,15704064.0,94.33864653243847,0.0,1.0,0.12929061784897025,0.34580061120256944,5.21520467836257,-0.8660254037844384,-0.5000000000000004,-0.7818314824680299,0.6234898018587334,1,4.044444444444444,20.377777777777776,19.42222222222222,2.0,3.0,2.0,0
2026-03-01 16:09:30+00:00,19.288888888888888,1.246916155035866,15704064.0,94.40736785904966,0.0,1.0,0.1370967741935484,0.28133771704758026,4.587134502923977,-0.8660254037844384,-0.5000000000000004,-0.7818314824680299,0.6234898018587334,1,4.088888888888889,20.555555555555554,15.999999999999998,2.0,3.0,2.0,0
2026-03-01 16:09:45+00:00,19.44444444444444,1.2478976422638492,15708160.0,94.45316657796701,0.0,1.0,0.128,0.2688989606053631,4.816374269005845,-0.8660254037844384,-0.5000000000000004,-0.7818314824680299,0.6234898018587334,1,4.622222222222222,20.688888888888886,14.488888888888887,2.0,3.0,2.0,0
2026-03-01 16:10:00+00:00,19.599999999999998,1.3074278902524878,15704064.0,94.42390139335477,0.0,1.0,0.1337868480725624,0.3241785256525035,4.996491228070175,-0.8660254037844384,-0.5000000000000004,-0.7818314824680299,0.6234898018587334,1,5.088888888888889,20.84444444444444,8.533333333333331,2.0,3.0,2.0,0
2026-03-01 16:10:15+00:00,19.977777777777778,1.3134860916550049,15699968.0,94.41966684578183,0.0,1.0,0.13570634037819798,0.32938341925046166,5.4023391812865516,-0.8660254037844384,-0.5000000000000004,-0.7818314824680299,0.6234898018587334,1,6.577777777777777,20.644444444444442,5.5555555555555545,2.0,3.0,2.0,0
2026-03-01 16:10:30+00:00,16.91111111111111,1.0976005027518152,15704064.0,94.43036211699165,0.0,0.0,0.1550591327201051,0.1575546667150617,2.8795321637426916,-0.8660254037844384,-0.5000000000000004,-0.7818314824680299,0.6234898018587334,1,11.466666666666665,19.577777777777776,0.6666666666666665,2.0,2.0,2.0,0
2026-03-01 16:10:45+00:00,11.533333333333333,0.8548572734196883,15704064.0,94.42776456599286,0.0,0.0,0.16184971098265893,-0.03314733104024459,-1.6210526315789462,-0.8660254037844384,-0.5000000000000004,-0.7818314824680299,0.6234898018587334,1,16.177777777777777,15.688888888888888,0.5555555555555555,2.0,2.0,2.0,0
2026-03-01 16:11:00+00:00,8.11111111111111,0.4381334170280534,15699968.0,94.45679012345678,0.0,0.0,0.1863013698630137,-0.42531419282225846,-4.492397660818712,-0.8660254037844384,-0.5000000000000004,-0.7818314824680299,0.6234898018587334,1,19.42222222222222,10.111111111111109,0.45912000000000003,2.0,2.0,2.0,0
2026-03-01 16:11:15+00:00,7.933333333333333,0.5875446565274866,15699968.0,94.4408945686901,0.0,0.0,0.21568627450980393,-0.2383386199444858,-4.277192982456138,-0.8660254037844384,-0.5000000000000004,-0.7818314824680299,0.6234898018587334,1,19.377777777777776,5.6,5.955555555555555,2.0,2.0,2.0,0
2026-03-01 16:11:30+00:00,8.11111111111111,0.6218984875197096,15699968.0,94.41841415465268,0.0,1.0,0.22465753424657534,-0.21320876570697633,-3.8432748538011694,-0.8660254037844384,-0.5000000000000004,-0.7818314824680299,0.6234898018587334,1,19.42222222222222,4.199999999999999,12.533333333333331,2.0,2.0,2.0,0
2026-03-01 16:11:45+00:00,4.755555555555555,0.4802861807356234,15699968.0,94.4074567243675,0.0,0.0,0.25700934579439255,-0.3322646548882136,-7.033918128654971,-0.8660254037844384,-0.5000000000000004,-0.7818314824680299,0.6234898018587334,1,19.399999999999995,4.822222222222221,15.35732,2.0,2.0,2.0,0
2026-03-01 16:12:00+00:00,1.5999999999999996,0.2104747081712109,15699968.0,94.41007437457742,0.0,1.0,0.3055555555555556,-0.6003561302300422,-10.003508771929823,-0.8660254037844384,-0.5000000000000004,-0.7818314824680299,0.6234898018587334,1,19.46666666666666,5.244444444444444,20.71111111111111,2.0,2.0,3.0,0
2026-03-01 16:12:15+00:00,3.9111111111111105,0.2961591095703169,15704064.0,94.42547603414314,0.0,1.0,0.20454545454545456,-0.5436185062989929,-8.004678362573099,-0.8660254037844384,-0.5000000000000004,-0.7818314824680299,0.6234898018587334,1,19.666666666666664,6.444444444444444,20.71111111111111,2.0,2.0,3.0,0
2026-03-01 16:12:30+00:00,8.977777777777776,0.6362514658644897,15704064.0,94.44652908067543,0.0,1.0,0.1707920792079208,-0.21802143203210766,-3.4853801169590657,-0.8660254037844384,-0.5000000000000004,-0.7818314824680299,0.6234898018587334,1,15.955555555555552,11.288888888888888,19.333333333333332,2.0,2.0,2.0,0
2026-03-01 16:12:45+00:00,15.02222222222222,1.0016684659927528,15704064.0,94.42627824019024,0.0,1.0,0.15976331360946747,0.1085493452807581,1.864327485380116,-0.8660254037844384,-0.5000000000000004,-0.7818314824680299,0.6234898018587334,1,11.844444444444443,15.933333333333332,15.688888888888888,2.0,2.0,2.0,0
2026-03-01 16:13:00+00:00,17.466666666666665,1.1730211662266734,15704064.0,94.37463893703061,0.0,1.0,0.15012722646310434,0.24491353302744734,3.799999999999999,-0.8660254037844384,-0.5000000000000004,-0.7818314824680299,0.6234898018587334,1,9.91111111111111,19.577777777777776,9.91111111111111,2.0,2.0,2.0,0
2026-03-01 16:13:15+00:00,18.644444444444442,1.2230481484577331,15704064.0,94.36157864190366,0.0,1.0,0.15733015494636474,0.28195953475003344,5.009356725146198,-0.8660254037844384,-0.5000000000000004,-0.7818314824680299,0.6234898018587334,1,9.288888888888888,19.488888888888884,5.622222222222222,2.0,2.0,2.0,0
2026-03-01 16:13:30+00:00,17.111111111111107,1.1584023531232925,15699968.0,94.38129070455892,0.0,0.0,0.14805194805194807,0.24384998181456286,3.7918128654970733,-0.8660254037844384,-0.5000000000000004,-0.7818314824680299,0.6234898018587334,1,10.799999999999999,19.599999999999994,4.177777777777777,2.0,2.0,2.0,0
2026-03-01 16:13:45+00:00,12.599999999999998,0.9692298116026173,15699968.0,94.39531249999999,0.0,0.0,0.13403880070546736,0.09469304035365445,0.01403508771929829,-0.8660254037844384,-0.5000000000000004,-0.7818314824680299,0.6234898018587334,1,12.777777777777777,19.577777777777776,4.866666666666666,2.0,2.0,2.0,0
2026-03-01 16:14:00+00:00,7.377777777777777,0.597875413916476,15695872.0,94.38172043010752,0.0,0.0,0.10240963855421688,-0.2306800731908013,-4.355555555555555,-0.8660254037844384,-0.5000000000000004,-0.7818314824680299,0.6234898018587334,1,17.444444444444443,19.555555555555554,5.177777777777777,2.0,2.0,2.0,0
2026-03-01 16:14:15+00:00,4.044444444444444,0.3381830330627838,15695872.0,94.32481751824817,0.0,0.0,0.06593406593406592,-0.44355856286853285,-6.867836257309941,-0.8660254037844384,-0.5000000000000004,-0.7818314824680299,0.6234898018587334,1,20.377777777777776,19.42222222222222,6.71111111111111,3.0,2.0,2.0,0
2026-03-01 16:14:30+00:00,4.088888888888889,0.348252354982643,15699968.0,94.30817610062893,0.0,1.0,0.08152173913043478,-0.3988928978093092,-6.072514619883039,-0.8660254037844384,-0.5000000000000004,-0.7818314824680299,0.6234898018587334,1,20.555555555555554,15.999999999999998,11.333333333333332,3.0,2.0,2.0,0
2026-03-01 16:14:45+00:00,4.622222222222222,0.4086094803745851,15704064.0,94.29487179487178,0.0,0.0,0.125,-0.29744496818647703,-4.746198830409357,-0.8660254037844384,-0.5000000000000004,-0.7818314824680299,0.6234898018587334,1,20.688888888888886,14.488888888888887,16.22222222222222,3.0,2.0,2.0,0
2026-03-01 16:15:00+00:00,5.088888888888889,0.4456271892454623,15699968.0,94.3466172381835,0.0,0.0,0.14410480349344976,-0.18059456514049943,-3.472514619883041,-0.8660254037844384,-0.5000000000000004,-0.7818314824680299,0.6234898018587334,1,20.84444444444444,8.533333333333331,19.377777777777776,3.0,2.0,2.0,0
2026-03-01 16:15:15+00:00,6.577777777777777,0.3651368356092256,15699968.0,94.33069029850745,0.0,1.0,0.13851351351351351,-0.2456685748880037,-1.9520467836257316,-0.8660254037844384,-0.5000000000000004,-0.7818314824680299,0.6234898018587334,1,20.644444444444442,5.5555555555555545,19.488888888888887,3.0,2.0,2.0,0
2026-03-01 16:15:30+00:00,11.466666666666665,0.7052784381857965,15704064.0,94.34478371501272,0.0,1.0,0.1298449612403101,0.04759242165327615,2.1087719298245613,-0.8660254037844384,-0.5000000000000004,-0.7818314824680299,0.6234898018587334,1,19.577777777777776,0.6666666666666665,19.333333333333332,2.0,2.0,2.0,0
2026-03-01 16:15:45+00:00,16.177777777777777,0.9918289871203424,15704064.0,94.38951160928744,0.0,1.0,0.14423076923076922,0.2710052290059962,6.342690058479532,-0.8660254037844384,-0.5000000000000004,-0.7818314824680299,0.6234898018587334,1,15.688888888888888,0.5555555555555555,19.466666666666665,2.0,2.0,2.0,0
2026-03-01 16:16:00+00:00,19.42222222222222,1.2844292823385732,15704064.0,94.3394777265745,0.0,1.0,0.15102974828375287,0.5448651529261804,9.078362573099415,-0.8660254037844384,-0.5000000000000004,-0.7818314824680299,0.6234898018587334,1,10.111111111111109,0.45912000000000003,19.422222222222217,2.0,2.0,2.0,0
2026-03-01 16:16:15+00:00,19.377777777777776,1.2679263890806516,15704064.0,94.35633001422475,0.0,1.0,0.14678899082568805,0.477374895728207,8.24093567251462,-0.8660254037844384,-0.5000000000000004,-0.7818314824680299,0.6234898018587334,1,5.6,5.955555555555555,19.799999999999997,2.0,2.0,2.0,0
2026-03-01 16:16:30+00:00,19.42222222222222,1.2737830847319327,15704064.0,94.40006468305303,0.0,0.0,0.13615560640732266,0.41046243872217647,7.271345029239766,-0.8660254037844384,-0.5000000000000004,-0.7818314824680299,0.6234898018587334,1,4.199999999999999,12.533333333333331,15.955555555555554,2.0,2.0,2.0,0
2026-03-01 16:16:45+00:00,19.399999999999995,1.275461830670766,15704064.0,94.37762447510498,0.0,1.0,0.13172966781214207,0.33437998340748354,6.245614035087716,-0.8660254037844384,-0.5000000000000004,-0.7818314824680299,0.6234898018587334,1,4.822222222222221,15.35732,11.333333333333332,2.0,2.0,2.0,0
2026-03-01 16:17:00+00:00,19.46666666666666,1.261328736241872,15704064.0,94.37245787332947,0.0,1.0,0.12442922374429226,0.33063543466190715,5.873684210526312,-0.8660254037844384,-0.5000000000000004,-0.7818314824680299,0.6234898018587334,1,5.244444444444444,20.71111111111111,8.933333333333332,2.0,3.0,2.0,0
2026-03-01 16:17:15+00:00,19.666666666666664,1.2284052713012967,15704064.0,94.36571428571429,0.0,1.0,0.12429378531073447,0.2860027734540094,5.8280701754385955,-0.8660254037844384,-0.5000000000000004,-0.7818314824680299,0.6234898018587334,1,6.444444444444444,20.71111111111111,8.733333333333333,2.0,3.0,2.0,0
2026-03-01 16:17:30+00:00,15.955555555555552,1.1056363069245152,15699968.0,94.38203912270303,0.0,0.0,0.11281337047353762,0.17662362929892705,2.6538011695906416,-0.8660254037844384,-0.5000000000000004,-0.7818314824680299,0.6234898018587334,1,11.288888888888888,19.333333333333332,9.133333333333333,2.0,2.0,2.0,0
2026-03-01 16:17:45+00:00,11.844444444444443,0.8159541253850546,15695872.0,94.42236598890943,0.0,1.0,0.12945590994371484,-0.45941322052209277,-0.8608187134502927,-0.8660254037844384,-0.5000000000000004,-0.7818314824680299,0.6234898018587334,1,15.933333333333332,15.688888888888888,8.31111111111111,2.0,2.0,2.0,0
2026-03-01 16:18:00+00:00,9.91111111111111,0.6739497170221928,15695872.0,94.46539900249377,0.0,0.0,0.14798206278026907,-0.17209652788329044,-2.548538011695907,-0.8660254037844384,-0.5000000000000004,-0.7818314824680299,0.6234898018587334,1,19.577777777777776,9.91111111111111,8.965408888888888,2.0,2.0,2.0,0
2026-03-01 16:18:15+00:00,9.288888888888888,0.6153334714557569,15695872.0,94.49231262011531,0.0,0.0,0.18660287081339713,-0.21397748841610476,-2.777777777777777,-0.8660254037844384,-0.5000000000000004,-0.7818314824680299,0.6234898018587334,1,19.488888888888884,5.622222222222222,13.42222222222222,2.0,2.0,2.0,0
2026-03-01 16:18:30+00:00,10.799999999999999,0.8271473792554553,15704064.0,94.4996892479801,0.0,1.0,0.15637860082304525,-0.0235237918223572,-1.621052631578948,-0.8660254037844384,-0.5000000000000004,-0.7818314824680299,0.6234898018587334,1,19.599999999999994,4.177777777777777,16.51111111111111,2.0,2.0,2.0,0
2026-03-01 16:18:45+00:00,12.777777777777777,0.8083544925874339,15704064.0,94.55198161975876,0.0,1.0,0.15652173913043477,-0.09235361292344413,-0.534502923976607,-0.8660254037844384,-0.5000000000000004,-0.7818314824680299,0.6234898018587334,1,19.577777777777776,4.866666666666666,19.796826666666668,2.0,2.0,2.0,0
2026-03-01 16:19:00+00:00,17.444444444444443,1.1836963613550586,15704064.0,94.55256064690026,0.0,1.0,0.12484076433121019,0.23535732793949826,3.261988304093567,-0.8660254037844384,-0.5000000000000004,-0.7818314824680299,0.6234898018587334,1,19.555555555555554,5.177777777777777,20.288888888888888,2.0,2.0,3.0,0
2026-03-01 16:19:15+00:00,20.377777777777776,1.1060647352158681,15708160.0,94.55252422233555,0.0,1.0,0.1395856052344602,0.12743223708808393,5.3847953216374265,-0.8660254037844384,-0.5000000000000004,-0.7818314824680299,0.6234898018587334,1,19.42222222222222,6.71111111111111,20.333333333333332,2.0,2.0,3.0,0
2026-03-01 16:19:30+00:00,20.555555555555554,1.306208409855245,15704064.0,94.55456301303718,0.0,1.0,0.12972972972972974,0.27505059687419364,4.72748538011696,-0.8660254037844384,-0.5000000000000004,-0.7818314824680299,0.6234898018587334,1,15.999999999999998,11.333333333333332,18.933333333333334,2.0,2.0,2.0,0
2026-03-01 16:19:45+00:00,20.688888888888886,1.257304596404138,15704064.0,94.55963302752293,0.0,1.0,0.13963480128893663,0.18549338090504075,4.043274853801169,-0.8660254037844384,-0.5000000000000004,-0.7818314824680299,0.6234898018587334,1,14.488888888888887,16.22222222222222,14.688888888888886,2.0,2.0,2.0,0
2026-03-01 16:20:00+00:00,20.84444444444444,1.2662777369078286,15699968.0,94.52916295636687,0.0,1.0,0.14818763326226014,0.18815013579394213,3.598830409356726,-0.8660254037844384,-0.5000000000000004,-0.7818314824680299,0.6234898018587334,1,8.533333333333331,19.377777777777776,8.51111111111111,2.0,2.0,2.0,0
2026-03-01 16:20:15+00:00,20.644444444444442,1.0507743211818026,15699968.0,94.54101995565411,0.0,1.0,0.14639397201291712,-0.06287639759134067,3.367251461988303,-0.8660254037844384,-0.5000000000000004,-0.7818314824680299,0.6234898018587334,1,5.5555555555555545,19.488888888888887,4.044444444444444,2.0,2.0,2.0,0
2026-03-01 16:20:30+00:00,19.577777777777776,1.2358864392771647,15699968.0,94.50022461814913,0.0,1.0,0.14982973893303064,0.12704260027929526,2.3953216374268997,-0.8660254037844384,-0.5000000000000004,-0.7818314824680299,0.6234898018587334,1,0.6666666666666665,19.333333333333332,3.3777777777777778,2.0,2.0,2.0,0
2026-03-01 16:20:45+00:00,15.688888888888888,0.9709874863982461,15699968.0,94.53614180478822,0.0,1.0,0.12181303116147309,-0.10121085094231264,-0.9672514619883028,-0.8660254037844384,-0.5000000000000004,-0.7818314824680299,0.6234898018587334,1,0.5555555555555555,19.466666666666665,4.533333333333332,2.0,2.0,2.0,0
2026-03-01 16:21:00+00:00,10.111111111111109,0.5213901528220772,15695872.0,94.53033980582525,0.0,0.0,0.1098901098901099,-0.5114350333235583,-5.702923976608188,-0.8660254037844384,-0.5000000000000004,-0.7818314824680299,0.6234898018587334,1,0.45912000000000003,19.422222222222217,5.177777777777777,2.0,2.0,2.0,0
2026-03-01 16:21:15+00:00,5.6,0.56066623307995,15695872.0,94.50796505652622,0.0,0.0,0.07142857142857142,-0.42144286822840504,-9.399999999999999,-0.8660254037844384,-0.5000000000000004,-0.7818314824680299,0.6234898018587334,1,5.955555555555555,19.799999999999997,6.511111111111111,2.0,2.0,2.0,0
2026-03-01 16:21:30+00:00,4.199999999999999,0.3616897798825833,15695872.0,94.52425876010783,0.0,0.0,0.10582010582010581,-0.5610435706620075,-10.056140350877191,-0.8660254037844384,-0.5000000000000004,-0.7818314824680299,0.6234898018587334,1,12.533333333333331,15.955555555555554,11.333333333333332,2.0,2.0,2.0,0
2026-03-01 16:21:45+00:00,4.822222222222221,0.399932850496428,15695872.0,94.52475811041548,0.0,0.0,0.11520737327188943,-0.45195006076419186,-8.679532163742689,-0.8660254037844384,-0.5000000000000004,-0.7818314824680299,0.6234898018587334,1,15.35732,11.333333333333332,15.977777777777776,2.0,2.0,2.0,0
2026-03-01 16:22:00+00:00,5.244444444444444,0.4466604501886633,15699968.0,94.48936170212765,0.0,1.0,0.11016949152542374,-0.41780613417575596,-7.478362573099416,-0.8660254037844384,-0.5000000000000004,-0.7818314824680299,0.6234898018587334,1,20.71111111111111,8.933333333333332,19.377777777777776,3.0,2.0,2.0,0
2026-03-01 16:22:15+00:00,6.444444444444444,0.48262241368849795,15966208.0,94.52560240963857,0.0,1.0,0.12758620689655173,-0.3684124863132329,-6.309941520467835,-0.8660254037844384,-0.5000000000000004,-0.7818314824680299,0.6234898018587334,1,20.71111111111111,8.733333333333333,19.266666666666662,3.0,2.0,2.0,0
2026-03-01 16:22:30+00:00,11.288888888888888,0.8336125843780214,15699968.0,94.51033888569788,0.0,1.0,0.15157480314960628,-0.08213327575142448,-2.125146198830409,-0.8660254037844384,-0.5000000000000004,-0.7818314824680299,0.6234898018587334,1,19.333333333333332,9.133333333333333,19.33333333333333,2.0,2.0,2.0,0
2026-03-01 16:22:45+00:00,15.933333333333332,0.8354434887827186,15699968.0,94.49265121537593,0.0,1.0,0.15760111576011157,-0.02663291149069391,2.2596491228070175,-0.8660254037844384,-0.5000000000000004,-0.7818314824680299,0.6234898018587334,1,15.688888888888888,8.31111111111111,19.422222222222217,2.0,2.0,2.0,0
2026-03-01 16:23:00+00:00,19.577777777777776,1.265412070084339,15704064.0,94.51845906902088,0.0,1.0,0.13961407491486946,0.2973574387932951,5.198830409356724,-0.8660254037844384,-0.5000000000000004,-0.7818314824680299,0.6234898018587334,1,9.91111111111111,8.965408888888888,19.577777777777776,2.0,2.0,2.0,0
2026-03-01 16:23:15+00:00,19.488888888888884,1.2151031084331492,15699968.0,94.5158771473191,0.0,1.0,0.12542759407069556,0.23815183223301706,4.702923976608185,-0.8660254037844384,-0.5000000000000004,-0.7818314824680299,0.6234898018587334,1,5.622222222222222,13.42222222222222,19.73333333333333,2.0,2.0,2.0,0
2026-03-01 16:23:30+00:00,19.599999999999994,1.0617232150329365,15704064.0,94.45967316816025,0.0,1.0,0.1303854875283447,0.08487433450923465,4.84912280701754,-0.8660254037844384,-0.5000000000000004,-0.7818314824680299,0.6234898018587334,1,4.177777777777777,16.51111111111111,15.799999999999999,2.0,2.0,2.0,0
2026-03-01 16:23:45+00:00,19.577777777777776,1.2463099457979256,15712256.0,94.43471337579618,0.0,1.0,0.13280363223609534,0.270874226905097,4.8619883040935665,-0.8660254037844384,-0.5000000000000004,-0.7818314824680299,0.6234898018587334,1,4.866666666666666,19.796826666666668,9.688888888888888,2.0,2.0,2.0,0
2026-03-01 16:24:00+00:00,19.555555555555554,1.2440672988168266,15699968.0,94.42769477054429,0.0,1.0,0.14090909090909093,0.2619233185110674,4.899415204678363,-0.8660254037844384,-0.5000000000000004,-0.7818314824680299,0.6234898018587334,1,5.177777777777777,20.288888888888888,3.1111111111111107,2.0,3.0,2.0,0
2026-03-01 16:24:15+00:00,19.42222222222222,1.1698952315676179,15699968.0,94.48032961190856,0.0,0.0,0.13615560640732263,0.20484373921960208,4.850292397660818,-0.8660254037844384,-0.5000000000000004,-0.7818314824680299,0.6234898018587334,1,6.71111111111111,20.333333333333332,2.8666666666666663,2.0,3.0,2.0,0
2026-03-01 16:24:30+00:00,15.999999999999998,1.134167083541772,15699968.0,94.4495540691193,0.0,1.0,0.1486111111111111,0.18480822072133718,2.0245614035087716,-0.8660254037844384,-0.5000000000000004,-0.7818314824680299,0.6234898018587334,1,11.333333333333332,18.933333333333334,3.5111111111111106,2.0,2.0,2.0,0
2026-03-01 16:24:45+00:00,14.488888888888887,0.9637508979388942,15966208.0,94.50423728813558,0.0,1.0,0.16717791411042945,0.044772897178281035,0.8362573099415211,-0.8660254037844384,-0.5000000000000004,-0.7818314824680299,0.6234898018587334,1,16.22222222222222,14.688888888888886,9.42222222222222,2.0,2.0,2.0,0
2026-03-01 16:25:00+00:00,8.533333333333331,0.7829533629741918,15699968.0,94.48655256723717,0.0,0.0,0.203125,-0.06947617431819486,-4.126315789473686,-0.8660254037844384,-0.5000000000000004,-0.7818314824680299,0.6234898018587334,1,19.377777777777776,8.51111111111111,13.866666666666665,2.0,2.0,2.0,0
2026-03-01 16:25:15+00:00,5.5555555555555545,0.273772991186675,15699968.0,94.51211525867714,0.0,0.0,0.24000000000000005,-0.5627519750438541,-6.205847953216373,-0.8660254037844384,-0.5000000000000004,-0.7818314824680299,0.6234898018587334,1,19.488888888888887,4.044444444444444,19.377777777777776,2.0,2.0,2.0,0
2026-03-01 16:25:30+00:00,0.6666666666666665,0.2425854251907529,15699968.0,94.50615174299385,0.0,1.0,0.6666666666666667,-0.5442129116075829,-10.614035087719298,-0.8660254037844384,-0.5000000000000004,-0.7818314824680299,0.6234898018587334,1,19.333333333333332,3.3777777777777778,20.399999999999995,2.0,2.0,3.0,0
2026-03-01 16:25:45+00:00,0.5555555555555555,0.10325942304934815,15695872.0,94.51312154696134,0.0,0.0,0.64,-0.6742278143510347,-10.595321637426899,-0.8660254037844384,-0.5000000000000004,-0.7818314824680299,0.6234898018587334,1,19.466666666666665,4.533333333333332,20.444444444444443,2.0,2.0,3.0,0
2026-03-01 16:26:00+00:00,0.45912000000000003,0.3175279645956062,15421440.0,94.5105633802817,0.0,0.0,0.5555555555555556,-0.4639008562694123,-10.543735259259261,-0.8660254037844384,-0.5000000000000004,-0.7818314824680299,0.6234898018587334,1,19.422222222222217,5.177777777777777,20.688888888888886,2.0,2.0,3.0,0
2026-03-01 16:26:15+00:00,5.955555555555555,0.3452062973608795,15421440.0,94.51731025299601,0.0,1.0,0.20522388059701493,-0.44787590300496927,-5.60233918128655,-0.8660254037844384,-0.5000000000000004,-0.7818314824680299,0.6234898018587334,1,19.799999999999997,6.511111111111111,20.288888888888888,2.0,2.0,3.0,0
2026-03-01 16:26:30+00:00,12.533333333333331,0.8739007261040266,15781888.0,94.49562773266709,0.0,1.0,0.17375886524822695,0.025977876383378895,0.16491228070175268,-0.8660254037844384,-0.5000000000000004,-0.7818314824680299,0.6234898018587334,1,15.955555555555554,11.333333333333332,19.35555555555555,2.0,2.0,2.0,0
2026-03-01 16:26:45+00:00,15.35732,1.0519764915819605,15855616.0,94.46617647058824,0.0,1.0,0.15629984051036683,0.14890319304201427,2.1903862280701745,-0.8660254037844384,-0.5000000000000004,-0.7818314824680299,0.6234898018587334,1,11.333333333333332,15.977777777777776,15.688888888888886,2.0,2.0,2.0,0
2026-03-01 16:27:00+00:00,20.71111111111111,1.3225000000000255,15634432.0,94.46257737760268,0.0,1.0,0.1534334763948498,0.37886521527695904,6.900584795321636,-0.8660254037844384,-0.5000000000000004,-0.7818314824680299,0.6234898018587334,1,8.933333333333332,19.377777777777776,9.911111111111111,2.0,2.0,2.0,0
2026-03-01 16:27:15+00:00,20.71111111111111,1.342140360094577,15671296.0,94.48463687150837,0.0,1.0,0.16201716738197425,0.40455678066874445,6.8549707602339165,-0.8660254037844384,-0.5000000000000004,-0.7818314824680299,0.6234898018587334,1,8.733333333333333,19.266666666666662,4.51468,2.0,2.0,2.0,0
2026-03-01 16:27:30+00:00,19.333333333333332,1.304855838596004,15687680.0,94.4689265536723,0.0,1.0,0.15517241379310343,0.3741407030939584,5.59298245614035,-0.8660254037844384,-0.5000000000000004,-0.7818314824680299,0.6234898018587334,1,9.133333333333333,19.33333333333333,1.1677866666666665,2.0,2.0,2.0,0
2026-03-01 16:27:45+00:00,15.688888888888888,1.125186189889008,15720448.0,94.4626030624264,0.0,0.0,0.15155807365439092,0.19740012745028235,2.492397660818714,-0.8660254037844384,-0.5000000000000004,-0.7818314824680299,0.6234898018587334,1,8.31111111111111,19.422222222222217,0.028235555555555555,2.0,2.0,2.0,0
2026-03-01 16:28:00+00:00,9.91111111111111,0.8058144300074793,15724544.0,94.45110410094637,0.0,0.0,0.11659192825112108,-0.06967101122952479,-2.4327485380116958,-0.8660254037844384,-0.5000000000000004,-0.7818314824680299,0.6234898018587334,1,8.965408888888888,19.577777777777776,0.08980444444444444,2.0,2.0,2.0,0
2026-03-01 16:28:15+00:00,5.622222222222222,0.532324840764324,15736832.0,94.47377269670478,0.0,1.0,0.08300395256916995,-0.2937838460088228,-5.911111111111111,-0.8660254037844384,-0.5000000000000004,-0.7818314824680299,0.6234898018587334,1,13.42222222222222,19.73333333333333,0.1053925925925926,2.0,2.0,2.0,0
2026-03-01 16:28:30+00:00,4.177777777777777,0.37645644040619886,15740928.0,94.50966356478169,0.0,1.0,0.047872340425531915,-0.4029339825576401,-6.587134502923977,-0.8660254037844384,-0.5000000000000004,-0.7818314824680299,0.6234898018587334,1,16.51111111111111,15.799999999999999,0.18508666666666668,2.0,2.0,2.0,0
2026-03-01 16:28:45+00:00,4.866666666666666,0.39816933165091084,15740928.0,94.50999231360494,0.0,0.0,0.0684931506849315,-0.3321884488247012,-5.1578947368421035,-0.8660254037844384,-0.5000000000000004,-0.7818314824680299,0.6234898018587334,1,19.796826666666668,9.688888888888888,0.17371166666666665,2.0,2.0,2.0,0
2026-03-01 16:29:00+00:00,5.177777777777777,0.43961902901241223,15740928.0,94.44584382871537,0.0,0.0,0.0815450643776824,-0.2527740893041249,-4.106432748538012,-0.8660254037844384,-0.5000000000000004,-0.7818314824680299,0.6234898018587334,1,20.288888888888888,3.1111111111111107,0.15555555555555553,3.0,2.0,2.0,0
2026-03-01 16:29:15+00:00,6.71111111111111,0.585941816698505,15740928.0,94.46070234113712,0.0,1.0,0.12582781456953643,-0.08199092163289112,-2.587134502923977,-0.8660254037844384,-0.5000000000000004,-0.7818314824680299,0.6234898018587334,1,20.333333333333332,2.8666666666666663,0.17777777777777776,3.0,2.0,2.0,0
2026-03-01 16:29:30+00:00,11.333333333333332,0.8224234668766572,15745024.0,94.4772172497966,0.0,1.0,0.12549019607843137,0.10486328755194385,1.807017543859649,-0.8660254037844384,-0.5000000000000004,-0.7818314824680299,0.6234898018587334,1,18.933333333333334,3.5111111111111106,0.15555555555555553,2.0,2.0,2.0,0
2026-03-01 16:29:45+00:00,16.22222222222222,1.1144869087837899,15745024.0,94.44691907943579,0.0,1.0,0.1232876712328767,0.3640418139828375,5.723976608187135,-0.8660254037844384,-0.5000000000000004,-0.7818314824680299,0.6234898018587334,1,14.688888888888886,9.42222222222222,0.8222222222222221,2.0,2.0,2.0,0
2026-03-01 16:30:00+00:00,19.377777777777776,1.2625798623148972,15745024.0,94.4579945799458,0.0,1.0,0.11582568807339448,0.45789766580483726,7.897076023391813,-0.8660254037844384,-0.5000000000000004,-0.7818314824680299,0.6234898018587334,1,8.51111111111111,13.866666666666665,2.520561111111111,2.0,2.0,2.0,0
2026-03-01 16:30:15+00:00,19.488888888888887,1.2555512961809248,15745024.0,94.44132334581774,0.0,1.0,0.11060433295324971,0.3871220555633117,6.9906432748538005,-0.8660254037844384,-0.5000000000000004,-0.7818314824680299,0.6234898018587334,1,4.044444444444444,19.377777777777776,4.161397222222222,2.0,2.0,2.0,0
2026-03-01 16:30:30+00:00,19.333333333333332,1.2040855532786736,16011264.0,94.41647264260769,0.0,1.0,0.1160919540229885,0.273151674568187,5.870175438596492,-0.8660254037844384,-0.5000000000000004,-0.7818314824680299,0.6234898018587334,1,3.3777777777777778,20.399999999999995,5.138167222222221,2.0,3.0,2.0,0
2026-03-01 16:30:45+00:00,19.466666666666665,1.22749763537477,16011264.0,94.44699140401147,0.0,1.0,0.12214611872146118,0.29260451532947107,5.867505333333332,-0.8660254037844384,-0.5000000000000004,-0.7818314824680299,0.6234898018587334,1,4.533333333333332,20.444444444444443,8.91111111111111,2.0,3.0,2.0,0
2026-03-01 16:31:00+00:00,19.422222222222217,1.2596812182741262,15749120.0,94.48968799576944,0.0,1.0,0.12585812356979406,0.2802531936846602,4.797660818713448,-0.8660254037844384,-0.5000000000000004,-0.7818314824680299,0.6234898018587334,1,5.177777777777777,20.688888888888886,13.596968148148147,2.0,3.0,2.0,0
2026-03-01 16:31:15+00:00,19.799999999999997,1.2705454545454553,15745024.0,94.44503735325507,0.0,1.0,0.143658810325477,0.282658195025254,5.189473684210524,-0.8660254037844384,-0.5000000000000004,-0.7818314824680299,0.6234898018587334,1,6.511111111111111,20.288888888888888,18.333333333333332,2.0,3.0,2.0,0
2026-03-01 16:31:30+00:00,15.955555555555554,0.7915855808339226,15745024.0,94.51162147205312,0.0,1.0,0.15181058495821728,-0.1493861916885595,2.0362573099415204,-0.8660254037844384,-0.5000000000000004,-0.7818314824680299,0.6234898018587334,1,11.333333333333332,19.35555555555555,19.288888888888888,2.0,2.0,2.0,0
2026-03-01 16:31:45+00:00,11.333333333333332,0.8481804682200803,15749120.0,94.46513002364065,0.0,1.0,0.16862745098039217,-0.04761034279337373,-1.810526315789474,-0.8660254037844384,-0.5000000000000004,-0.7818314824680299,0.6234898018587334,1,15.977777777777776,15.688888888888886,19.444444444444443,2.0,2.0,2.0,0
2026-03-01 16:32:00+00:00,8.933333333333332,0.5541316958775858,15749120.0,94.47720364741642,0.0,0.0,0.15422885572139303,-0.28993030861385016,-3.817543859649124,-0.8660254037844384,-0.5000000000000004,-0.7818314824680299,0.6234898018587334,1,19.377777777777776,9.911111111111111,19.444444444444443,2.0,2.0,2.0,0
2026-03-01 16:32:15+00:00,8.733333333333333,0.7163033902640035,15745024.0,94.48134092346616,0.0,0.0,0.1475826972010178,-0.1433694699745408,-3.512280701754385,-0.8660254037844384,-0.5000000000000004,-0.7818314824680299,0.6234898018587334,1,19.266666666666662,4.51468,19.46666666666666,2.0,2.0,2.0,0
2026-03-01 16:32:30+00:00,9.133333333333333,0.6859373771780315,15745024.0,94.45533419023135,0.0,0.0,0.1678832116788321,-0.14926155596489254,-2.9754385964912267,-0.8660254037844384,-0.5000000000000004,-0.7818314824680299,0.6234898018587334,1,19.33333333333333,1.1677866666666665,19.46666666666666,2.0,2.0,2.0,0
2026-03-01 16:32:45+00:00,8.31111111111111,0.7082723455308844,15745024.0,94.434375,0.0,0.0,0.1711229946524064,-0.15512294567109564,-4.187134502923975,-0.8660254037844384,-0.5000000000000004,-0.7818314824680299,0.6234898018587334,1,19.422222222222217,0.028235555555555555,19.088888888888885,2.0,2.0,2.0,0
2026-03-01 16:33:00+00:00,8.965408888888888,0.841205650396273,15372288.0,94.42401960784314,0.0,1.0,0.1696358896753456,-0.0640566551916334,-3.8067550643274846,-0.8660254037844384,-0.5000000000000004,-0.7818314824680299,0.6234898018587334,1,19.577777777777776,0.08980444444444444,15.288888888888886,2.0,2.0,2.0,0
2026-03-01 16:33:15+00:00,13.42222222222222,1.1537046186683622,15847424.0,94.43757192174915,0.0,0.0,0.14072847682119205,0.19250637848496577,-0.14619883040935733,-0.8660254037844384,-0.5000000000000004,-0.7818314824680299,0.6234898018587334,1,19.73333333333333,0.1053925925925926,12.488888888888887,2.0,2.0,2.0,0
2026-03-01 16:33:30+00:00,16.51111111111111,1.2352060620693666,15634432.0,94.48136142625609,0.0,1.0,0.1601615074024226,0.22622169643414525,2.174269005847952,-0.8660254037844384,-0.5000000000000004,-0.7818314824680299,0.6234898018587334,1,15.799999999999999,0.18508666666666668,9.488888888888889,2.0,2.0,2.0,0
2026-03-01 16:33:45+00:00,19.796826666666668,1.3243005626758366,15679488.0,94.45328542094455,0.0,1.0,0.14495234797006887,0.26301876494780374,4.667458830409359,-0.8660254037844384,-0.5000000000000004,-0.7818314824680299,0.6234898018587334,1,9.688888888888888,0.17371166666666665,8.088888888888889,2.0,2.0,2.0,0
2026-03-01 16:34:00+00:00,20.288888888888888,1.305128474483679,15716352.0,94.4987714987715,0.0,1.0,0.14895947426067907,0.21550460846343045,4.576608187134504,-0.8660254037844384,-0.5000000000000004,-0.7818314824680299,0.6234898018587334,1,3.1111111111111107,0.15555555555555553,7.444444444444444,2.0,2.0,2.0,0
2026-03-01 16:34:15+00:00,20.333333333333332,1.3170498361287677,15749120.0,94.5017140058766,0.0,1.0,0.13224043715846995,0.22932140246031696,4.57543859649123,-0.8660254037844384,-0.5000000000000004,-0.7818314824680299,0.6234898018587334,1,2.8666666666666663,0.17777777777777776,10.933333333333334,2.0,2.0,2.0,0
2026-03-01 16:34:30+00:00,18.933333333333334,1.2166977790541933,15773696.0,94.50815620365793,0.0,1.0,0.14319248826291078,0.14145494293914873,3.340350877192984,-0.8660254037844384,-0.5000000000000004,-0.7818314824680299,0.6234898018587334,1,3.5111111111111106,0.15555555555555553,16.466666666666665,2.0,2.0,2.0,0
2026-03-01 16:34:45+00:00,14.688888888888886,0.8843929593653562,15785984.0,94.52948717948719,0.0,0.0,0.13918305597579425,-0.14956311006279932,-0.2830409356725152,-0.8660254037844384,-0.5000000000000004,-0.7818314824680299,0.6234898018587334,1,9.42222222222222,0.8222222222222221,20.288888888888884,2.0,2.0,3.0,0
2026-03-01 16:35:00+00:00,8.51111111111111,0.5903403275332783,15785984.0,94.54855428259684,0.0,0.0,0.13577023498694515,-0.3920181722096411,-5.513450292397662,-0.8660254037844384,-0.5000000000000004,-0.7818314824680299,0.6234898018587334,1,13.866666666666665,2.520561111111111,20.577777777777776,2.0,2.0,3.0,0
2026-03-02 15:00:30+00:00,20.488888888888887,0.6897307387438519,15286272.0,94.5744926199262,1.0,1.0,0.14533622559652928,0.0394404960315039,3.9801169590643255,-0.7071067811865471,-0.7071067811865479,0.0,1.0,0,8.955555555555554,18.4,7.131398888888888,2.0,2.0,2.0,1
2026-03-02 15:00:45+00:00,20.466666666666665,1.031600119189511,15278080.0,94.54846822130771,1.0,1.0,0.13463626492942452,0.3262390643672316,3.7333333333333343,-0.7071067811865471,-0.7071067811865479,0.0,1.0,0,8.755555555555555,19.311111111111106,0.2666666666666666,2.0,2.0,2.0,1
2026-03-02 15:01:00+00:00,20.33333333333333,1.0492904214559378,15278080.0,94.5190105359597,1.0,1.0,0.12459016393442625,0.35087771726982697,3.540350877192978,-0.7071067811865471,-0.7071067811865479,0.0,1.0,0,9.444444444444445,19.066666666666663,1.1320266666666667,2.0,2.0,2.0,1
2026-03-02 15:01:15+00:00,18.266666666666666,0.9281087224168942,15273984.0,94.48898265353962,1.0,1.0,0.12530413625304135,0.23047700522424053,1.768421052631581,-0.7071067811865471,-0.7071067811865479,0.0,1.0,0,14.244444444444444,19.133333333333333,2.239525185185185,2.0,2.0,2.0,1
2026-03-02 15:01:30+00:00,13.088888888888887,0.7273128777312879,15278080.0,94.47588582677166,1.0,0.0,0.12903225806451613,0.05242528964998672,-2.6654970760233923,-0.7071067811865471,-0.7071067811865479,0.0,1.0,0,16.22222222222222,19.022222222222222,3.220343333333333,2.0,2.0,2.0,1
2026-03-02 15:01:45+00:00,7.422222222222222,0.2482227344413449,15273984.0,94.49559128630705,1.0,0.0,0.1287425149700599,-0.3842412898130968,-7.47251461988304,-0.7071067811865471,-0.7071067811865479,0.0,1.0,0,20.377777777777773,19.333333333333332,3.3777777777777773,3.0,2.0,2.0,1
2026-03-02 15:02:00+00:00,4.3999999999999995,0.24373496610540155,15278080.0,94.51036552100382,1.0,1.0,0.10606060606060606,-0.3494657408457985,-9.722807017543857,-0.7071067811865471,-0.7071067811865479,0.0,1.0,0,20.488888888888884,19.444444444444443,7.022222222222221,3.0,2.0,2.0,1
2026-03-02 15:02:15+00:00,4.355555555555555,0.22601725818680718,15278080.0,94.54154727793697,1.0,0.0,0.08163265306122448,-0.299484831310692,-9.012865497076021,-0.7071067811865471,-0.7071067811865479,0.0,1.0,0,20.666666666666664,16.599999999999998,11.888888888888888,3.0,2.0,2.0,1
2026-03-02 15:02:30+00:00,5.022222222222222,0.2352599069468952,15278080.0,94.55632949727438,1.0,1.0,0.08849557522123892,-0.29376410433320427,-7.591812865497074,-0.7071067811865471,-0.7071067811865479,0.0,1.0,0,20.799999999999997,11.666666666666666,17.02222222222222,3.0,2.0,2.0,1
2026-03-02 15:02:45+00:00,5.177777777777777,0.23890186178605224,15282176.0,94.56333973128599,1.0,0.0,0.09871244635193134,-0.2718366566909287,-6.748538011695905,-0.7071067811865471,-0.7071067811865479,0.0,1.0,0,20.688888888888886,5.088888888888888,18.71111111111111,3.0,2.0,2.0,1
2026-03-02 15:03:00+00:00,8.777777777777777,0.4937163984496399,15286272.0,94.56246134817565,1.0,1.0,0.12658227848101267,-0.05702628342098026,-3.5625730994152036,-0.7071067811865471,-0.7071067811865479,0.0,1.0,0,20.466666666666665,2.755555555555555,19.288888888888884,3.0,2.0,2.0,1
2026-03-02 15:03:15+00:00,13.466666666666665,0.7914542538825118,15286272.0,94.57189737470166,1.0,1.0,0.14686468646864687,0.19355946201619167,0.6982456140350877,-0.7071067811865471,-0.7071067811865479,0.0,1.0,0,18.244444444444444,6.088888888888889,19.577777777777776,2.0,2.0,2.0,1
2026-03-02 15:03:30+00:00,18.22222222222222,0.8928521830615467,15286272.0,94.61975028376845,1.0,1.0,0.15609756097560976,0.28952046582500235,4.916959064327486,-0.7071067811865471,-0.7071067811865479,0.0,1.0,0,13.133333333333333,13.044444444444443,19.62222222222222,2.0,2.0,2.0,1
2026-03-02 15:03:45+00:00,19.62222222222222,0.8864324278365858,15282176.0,94.56942949407966,1.0,1.0,0.14609286523216308,0.2421427252817956,5.460818713450292,-0.7071067811865471,-0.7071067811865479,0.0,1.0,0,7.466666666666666,18.866666666666667,19.444444444444443,2.0,2.0,2.0,1
2026-03-02 15:04:00+00:00,19.666666666666664,0.6906659429050808,15282176.0,94.54557291666667,1.0,1.0,0.12768361581920903,0.04824841794037116,4.968421052631578,-0.7071067811865471,-0.7071067811865479,0.0,1.0,0,4.466666666666666,20.71111111111111,17.444444444444443,2.0,3.0,2.0,1
2026-03-02 15:04:15+00:00,19.599999999999998,0.6662311147407108,15286272.0,94.45358090185677,1.0,1.0,0.11678004535147393,0.028721596055487075,4.9263157894736835,-0.7071067811865471,-0.7071067811865479,0.0,1.0,0,4.3999999999999995,20.53333333333333,11.955555555555554,2.0,3.0,2.0,1
2026-03-02 15:04:30+00:00,19.35555555555555,0.6472985244040862,15548416.0,94.46599362380447,1.0,1.0,0.121699196326062,0.021663156436826814,4.73801169590643,-0.7071067811865471,-0.7071067811865479,0.0,1.0,0,5.111111111111111,20.311111111111106,6.022222222222221,2.0,3.0,2.0,1
2026-03-02 15:04:45+00:00,19.35555555555555,0.6666489952539628,15282176.0,94.435050993022,1.0,1.0,0.12284730195177956,0.041938845844941564,4.804678362573096,-0.7071067811865471,-0.7071067811865479,0.0,1.0,0,5.133333333333333,20.333333333333332,1.5111111111111108,2.0,3.0,2.0,1
2026-03-02 15:05:00+00:00,17.911111111111108,0.5472290851382299,15282176.0,94.41419141914193,1.0,1.0,0.12282878411910671,-0.03840604188023,3.6584795321637404,-0.7071067811865471,-0.7071067811865479,0.0,1.0,0,8.888888888888888,20.355555555555554,0.8888888888888888,2.0,3.0,2.0,1
2026-03-02 15:05:15+00:00,13.355555555555554,0.4305579451980659,15282176.0,94.38194038573934,1.0,0.0,0.1480865224625624,-0.10355004282054997,-0.13567251461988405,-0.7071067811865471,-0.7071067811865479,0.0,1.0,0,13.644444444444442,14.110491666666666,0.4888888888888888,2.0,2.0,2.0,1
2026-03-02 15:05:30+00:00,8.955555555555554,0.3417759816262533,15286272.0,94.34735202492213,1.0,1.0,0.16625310173697272,-0.2035913337763527,-3.7777777777777786,-0.7071067811865471,-0.7071067811865479,0.0,1.0,0,18.4,7.131398888888888,6.466666666666666,2.0,2.0,2.0,1
2026-03-02 15:05:45+00:00,8.755555555555555,0.3186250353435388,15282176.0,94.35427295918366,1.0,0.0,0.1751269035532995,-0.1608366130713278,-3.6690058479532155,-0.7071067811865471,-0.7071067811865479,0.0,1.0,0,19.311111111111106,0.2666666666666666,13.022222222222222,2.0,2.0,2.0,1
2026-03-02 15:06:00+00:00,9.444444444444445,0.4647375350621103,15286272.0,94.3680600914435,1.0,1.0,0.14352941176470585,-0.029213027416166604,-2.6538011695906434,-0.7071067811865471,-0.7071067811865479,0.0,1.0,0,19.066666666666663,1.1320266666666667,18.733702962962965,2.0,2.0,2.0,1
2026-03-02 15:06:15+00:00,14.244444444444444,0.5759205830992336,15286272.0,94.40425531914893,1.0,1.0,0.13260530421216848,0.054470584807525646,1.3286549707602333,-0.7071067811865471,-0.7071067811865479,0.0,1.0,0,19.133333333333333,2.239525185185185,20.866666666666664,2.0,2.0,3.0,1
2026-03-02 15:06:30+00:00,16.22222222222222,0.6757315011023357,15286272.0,94.41259931895573,1.0,1.0,0.13150684931506848,0.12278089273482029,2.408187134502924,-0.7071067811865471,-0.7071067811865479,0.0,1.0,0,19.022222222222222,3.220343333333333,20.866666666666664,2.0,2.0,3.0,1
2026-03-02 15:06:45+00:00,20.377777777777773,0.7355143153395255,15290368.0,94.43673251468233,1.0,1.0,0.1275899672846238,0.1633142304417453,5.755507547758281,-0.7071067811865471,-0.7071067811865479,0.0,1.0,0,19.333333333333332,3.3777777777777773,20.466666666666665,2.0,2.0,3.0,1
2026-03-02 15:07:00+00:00,20.488888888888884,0.7281017940797414,15282176.0,94.39755973563803,1.0,1.0,0.12255965292841649,0.12751098239382885,5.024861654970758,-0.7071067811865471,-0.7071067811865479,0.0,1.0,0,19.444444444444443,7.022222222222221,20.08888888888889,2.0,2.0,3.0,1
2026-03-02 15:07:15+00:00,20.666666666666664,0.7321271678707502,15282176.0,94.39913127413126,1.0,1.0,0.12580645161290321,0.09415646384916065,4.381795756725147,-0.7071067811865471,-0.7071067811865479,0.0,1.0,0,16.599999999999998,11.888888888888888,17.288888888888888,2.0,2.0,2.0,1
2026-03-02 15:07:30+00:00,20.799999999999997,0.7813968323801155,15286272.0,94.40629306384935,1.0,1.0,0.12606837606837606,0.12178353632886751,3.711759621832357,-0.7071067811865471,-0.7071067811865479,0.0,1.0,0,11.666666666666666,17.02222222222222,11.933333333333332,2.0,2.0,2.0,1
2026-03-02 15:07:45+00:00,20.688888888888886,0.7977920450986532,15286272.0,94.41734417344173,1.0,1.0,0.13533834586466167,0.13710276761383433,3.3446076624895547,-0.7071067811865471,-0.7071067811865479,0.0,1.0,0,5.088888888888888,18.71111111111111,6.3999999999999995,2.0,2.0,2.0,1
2026-03-02 15:08:00+00:00,20.466666666666665,0.7925195661766409,15278080.0,94.42030616839261,1.0,1.0,0.1248642779587405,0.15673509148426934,3.0768460321637434,-0.7071067811865471,-0.7071067811865479,0.0,1.0,0,2.755555555555555,19.288888888888884,3.9333333333333327,2.0,2.0,2.0,1
2026-03-02 15:08:15+00:00,18.244444444444444,0.6516849529780561,15278080.0,94.41284403669724,1.0,1.0,0.11814859926918392,0.03176240087233306,1.1529274671864869,-0.7071067811865471,-0.7071067811865479,0.0,1.0,0,6.088888888888889,19.577777777777776,4.377777777777777,2.0,2.0,2.0,1
2026-03-02 15:08:30+00:00,13.133333333333333,0.4765675846856102,15286272.0,94.43274293920537,1.0,0.0,0.11336717428087985,-0.11821921730972673,-3.1862073847953205,-0.7071067811865471,-0.7071067811865479,0.0,1.0,0,13.044444444444443,19.62222222222222,5.088888888888889,2.0,2.0,2.0,1
2026-03-02 15:08:45+00:00,7.466666666666666,0.2463747769185021,15282176.0,94.43995963673058,1.0,0.0,0.09523809523809523,-0.3241181088498739,-7.9966957086656025,-0.7071067811865471,-0.7071067811865479,0.0,1.0,0,18.866666666666667,19.444444444444443,5.133333333333333,2.0,2.0,2.0,1
2026-03-02 15:09:00+00:00,4.466666666666666,0.1754853717455491,15282176.0,94.46513470681458,1.0,0.0,0.06965174129353234,-0.36966584923912815,-10.235260539961015,-0.7071067811865471,-0.7071067811865479,0.0,1.0,0,20.71111111111111,17.444444444444443,8.955555555555556,3.0,2.0,2.0,1
2026-03-02 15:09:15+00:00,4.3999999999999995,0.18569659442724296,15282176.0,94.45203569436698,1.0,1.0,0.0606060606060606,-0.33551741644787114,-9.558040768331082,-0.7071067811865471,-0.7071067811865479,0.0,1.0,0,20.53333333333333,11.955555555555554,13.644444444444442,3.0,2.0,2.0,1
2026-03-02 15:09:30+00:00,5.111111111111111,0.20208190900469625,15282176.0,94.48301113063856,1.0,0.0,0.09130434782608696,-0.2977814027752805,-8.103047045948204,-0.7071067811865471,-0.7071067811865479,0.0,1.0,0,20.311111111111106,6.022222222222221,18.51111111111111,3.0,2.0,2.0,1
2026-03-02 15:09:45+00:00,5.133333333333333,0.2248242855821704,15278080.0,94.49786975045649,1.0,0.0,0.09090909090909091,-0.2577569114688325,-7.550980361793371,-0.7071067811865471,-0.7071067811865479,0.0,1.0,0,20.333333333333332,1.5111111111111108,19.377777777777773,3.0,2.0,2.0,1
2026-03-02 15:10:00+00:00,8.888888888888888,0.3869440531294029,15286272.0,94.47983635300994,1.0,1.0,0.13,-0.11901117973013392,-4.363828445906433,-0.7071067811865471,-0.7071067811865479,0.0,1.0,0,20.355555555555554,0.8888888888888888,19.577777777777776,3.0,2.0,2.0,1
2026-03-02 15:10:15+00:00,13.644444444444442,0.546700763894987,15286272.0,94.51158940397352,1.0,1.0,0.12866449511400652,0.014874170243450502,-0.3100119119367051,-0.7071067811865471,-0.7071067811865479,0.0,1.0,0,14.110491666666666,0.4888888888888888,19.62222222222222,2.0,2.0,2.0,1
2026-03-02 15:10:30+00:00,18.4,0.676559158182907,15548416.0,94.5329373650108,1.0,1.0,0.12318840579710146,0.13436530682124437,4.1929257218973355,-0.7071067811865471,-0.7071067811865479,0.0,1.0,0,7.131398888888888,6.466666666666666,19.644444444444442,2.0,2.0,2.0,1
2026-03-02 15:10:45+00:00,19.311111111111106,0.6488881337213006,15282176.0,94.50962539021853,1.0,1.0,0.11967779056386653,0.0978515727969752,4.500584795321634,-0.7071067811865471,-0.7071067811865479,0.0,1.0,0,0.2666666666666666,13.022222222222222,19.466666666666665,2.0,2.0,2.0,1
2026-03-02 15:11:00+00:00,19.066666666666663,0.7420016460192315,15552512.0,94.49606299212599,1.0,1.0,0.12004662004662006,0.18420372621514736,4.350877192982454,-0.7071067811865471,-0.7071067811865479,0.0,1.0,0,1.1320266666666667,18.733702962962965,17.84444444444444,2.0,2.0,2.0,1
2026-03-02 15:11:15+00:00,19.133333333333333,0.8266851856571248,15282176.0,94.45623342175067,1.0,1.0,0.1416957026713124,0.26695700916056464,4.466666666666669,-0.7071067811865471,-0.7071067811865479,0.0,1.0,0,2.239525185185185,20.866666666666664,13.755555555555553,2.0,3.0,2.0,1
2026-03-02 15:11:30+00:00,19.022222222222222,0.809630223046761,15290368.0,94.44741057127604,1.0,1.0,0.1425233644859813,0.2461251857811857,4.4257309941520475,-0.7071067811865471,-0.7071067811865479,0.0,1.0,0,3.220343333333333,20.866666666666664,11.333333333333332,2.0,3.0,2.0,1
2026-03-02 15:11:45+00:00,19.333333333333332,0.7245320281641764,15282176.0,94.43578721117679,1.0,1.0,0.15172413793103445,0.16871286922765538,4.800000000000001,-0.7071067811865471,-0.7071067811865479,0.0,1.0,0,3.3777777777777773,20.466666666666665,7.91111111111111,2.0,3.0,2.0,1
2026-03-02 15:12:00+00:00,19.444444444444443,0.6448624660163127,15282176.0,94.44369612068965,1.0,1.0,0.14171428571428574,0.09935356866554179,4.970760233918128,-0.7071067811865471,-0.7071067811865479,0.0,1.0,0,7.022222222222221,20.08888888888889,8.955555555555554,2.0,3.0,2.0,1
2026-03-02 15:12:15+00:00,16.599999999999998,0.5363965673379608,15282176.0,94.48472222222222,1.0,0.0,0.13654618473895583,0.011990356414553593,2.666666666666666,-0.7071067811865471,-0.7071067811865479,0.0,1.0,0,11.888888888888888,17.288888888888888,11.933333333333332,2.0,2.0,2.0,1
2026-03-02 15:12:30+00:00,11.666666666666666,0.33884226751156105,15282176.0,94.47664104080427,1.0,0.0,0.12761904761904763,-0.15012607913553966,-1.4421052631578952,-0.7071067811865471,-0.7071067811865479,0.0,1.0,0,17.02222222222222,11.933333333333332,17.244444444444444,2.0,2.0,2.0,1
2026-03-02 15:12:45+00:00,5.088888888888888,0.19022293615820407,15282176.0,94.47003865979381,1.0,0.0,0.12227074235807864,-0.26081871228763187,-6.95672514619883,-0.7071067811865471,-0.7071067811865479,0.0,1.0,0,18.71111111111111,6.3999999999999995,20.71111111111111,2.0,2.0,3.0,1
2026-03-02 15:13:00+00:00,2.755555555555555,0.22047645812616284,15286272.0,94.45460704607046,1.0,1.0,0.22580645161290322,-0.2342847718830389,-8.732163742690057,-0.7071067811865471,-0.7071067811865479,0.0,1.0,0,19.288888888888884,3.9333333333333327,20.755555555555553,2.0,2.0,3.0,1
2026-03-02 15:13:15+00:00,6.088888888888889,0.40444319838510756,15286272.0,94.46405440414509,1.0,1.0,0.20072992700729925,-0.07345364664029902,-5.907602339181286,-0.7071067811865471,-0.7071067811865479,0.0,1.0,0,19.577777777777776,4.377777777777777,20.799999999999997,2.0,2.0,3.0,1
2026-03-02 15:13:30+00:00,13.044444444444443,0.6065162064825939,15548416.0,94.43840579710145,1.0,1.0,0.16183986371379896,0.10266116041820894,0.11812865497075897,-0.7071067811865471,-0.7071067811865479,0.0,1.0,0,19.62222222222222,5.088888888888889,20.866666666666664,2.0,2.0,3.0,1
2026-03-02 15:13:45+00:00,18.866666666666667,0.8639753921244633,15286272.0,94.41310541310543,1.0,1.0,0.14369846878680798,0.3072946527360557,5.105263157894738,-0.7071067811865471,-0.7071067811865479,0.0,1.0,0,19.444444444444443,5.133333333333333,20.731490534174743,2.0,2.0,3.0,1
2026-03-02 15:14:00+00:00,20.71111111111111,0.9165361702127657,15286272.0,94.45675387079551,1.0,1.0,0.1276824034334764,0.33360954308764745,6.139181286549707,-0.7071067811865471,-0.7071067811865479,0.0,1.0,0,17.444444444444443,8.955555555555556,20.53333333333333,2.0,2.0,3.0,1
2026-03-02 15:14:15+00:00,20.53333333333333,0.9323356649627841,15282176.0,94.47222222222221,1.0,1.0,0.12878787878787878,0.31330085667004437,5.171929824561403,-0.7071067811865471,-0.7071067811865479,0.0,1.0,0,11.955555555555554,13.644444444444442,18.24444444444444,2.0,2.0,2.0,1
2026-03-02 15:14:30+00:00,20.311111111111106,0.8042459498922282,15286272.0,94.4968929254302,1.0,1.0,0.12472647702407003,0.15826335000566083,4.153216374269004,-0.7071067811865471,-0.7071067811865479,0.0,1.0,0,6.022222222222221,18.51111111111111,13.090052449106587,2.0,2.0,2.0,1
2026-03-02 15:14:45+00:00,20.333333333333332,0.8402618628542693,15290368.0,94.51597744360903,1.0,1.0,0.13114754098360656,0.18195829142569797,3.95438596491228,-0.7071067811865471,-0.7071067811865479,0.0,1.0,0,1.5111111111111108,19.377777777777773,7.444444444444444,2.0,2.0,2.0,1
2026-03-02 15:15:00+00:00,20.355555555555554,0.8973282669358189,14610432.0,94.4811320754717,1.0,1.0,0.1320960698689956,0.21838009915076928,3.934502923976609,-0.7071067811865471,-0.7071067811865479,0.0,1.0,0,0.8888888888888888,19.577777777777776,4.488888888888889,2.0,2.0,2.0,1
2026-03-02 15:15:15+00:00,14.110491666666666,0.7053894115890076,15077376.0,94.47129909365559,0.0,0.0,0.13333333333333333,0.05330325602842212,-1.1723468888888888,-0.7071067811865471,-0.7071067811865479,0.0,1.0,0,0.4888888888888888,19.62222222222222,4.444444444444444,2.0,2.0,2.0,1
2026-03-02 15:15:30+00:00,7.131398888888888,0.4774693677789247,15122432.0,94.48315094284308,1.0,0.0,0.1675785889989431,-0.13997966408256524,-7.267317034743721,-0.7071067811865471,-0.7071067811865479,0.0,1.0,0,6.466666666666666,19.644444444444442,5.088888888888889,2.0,2.0,2.0,1
2026-03-02 15:15:45+00:00,0.2666666666666666,0.07735433070866185,15122432.0,94.48522308914393,1.0,1.0,0.1675785889989431,-0.5216325264051346,-13.175302868421053,-0.7071067811865471,-0.7071067811865479,0.0,1.0,0,13.022222222222222,19.466666666666665,5.222222222222221,2.0,2.0,2.0,1
2026-03-02 15:16:00+00:00,1.1320266666666667,0.1083449003386821,15183872.0,94.53048780487805,1.0,0.0,0.1675785889989431,-0.450630298472326,-11.45460861130604,-0.7071067811865471,-0.7071067811865479,0.0,1.0,0,18.733702962962965,17.84444444444444,8.71111111111111,2.0,2.0,2.0,1
2026-03-02 15:16:15+00:00,2.239525185185185,0.16588763925447345,15196160.0,94.4983606557377,1.0,0.0,0.16733707174985635,-0.3593389452469701,-9.53133349818992,-0.7071067811865471,-0.7071067811865479,0.0,1.0,0,20.866666666666664,13.755555555555553,13.42222222222222,3.0,2.0,2.0,1
2026-03-02 15:16:30+00:00,3.220343333333333,0.13882846234746077,15204352.0,94.5632424877708,1.0,1.0,0.15143738228780762,-0.3570894611370383,-7.6979685596041385,-0.7071067811865471,-0.7071067811865479,0.0,1.0,0,20.866666666666664,11.333333333333332,18.15555555555555,3.0,2.0,2.0,1
2026-03-02 15:16:45+00:00,3.3777777777777773,0.1715169559525321,15212544.0,94.5366132723112,1.0,0.0,0.15789473684210528,-0.30694659534301105,-6.67498123196881,-0.7071067811865471,-0.7071067811865479,0.0,1.0,0,20.466666666666665,7.91111111111111,19.288888888888888,3.0,2.0,2.0,1
2026-03-02 15:17:00+00:00,7.022222222222221,0.3120064502359553,15261696.0,94.4560272934041,1.0,1.0,0.11708860759493671,-0.17911185046921496,-3.24113848378522,-0.7071067811865471,-0.7071067811865479,0.0,1.0,0,20.08888888888889,8.955555555555554,19.266666666666666,3.0,2.0,2.0,1
2026-03-02 15:17:15+00:00,11.888888888888888,0.4676629225252452,15286272.0,94.43692088382039,1.0,1.0,0.1308411214953271,-0.06297720610717644,0.9342096561403501,-0.7071067811865471,-0.7071067811865479,0.0,1.0,0,17.288888888888888,11.933333333333332,19.266666666666666,2.0,2.0,2.0,1
2026-03-02 15:17:30+00:00,17.02222222222222,0.7352991271024051,15323136.0,94.44843342036553,1.0,1.0,0.13707571801566582,0.1698535782661008,5.084976291098112,-0.7071067811865471,-0.7071067811865479,0.0,1.0,0,11.933333333333332,17.244444444444444,19.42222222222222,2.0,2.0,2.0,1
2026-03-02 15:17:45+00:00,18.71111111111111,0.8667436532972788,15384576.0,94.40571253071253,1.0,1.0,0.13539192399049882,0.2618251100006619,5.928383959064325,-0.7071067811865471,-0.7071067811865479,0.0,1.0,0,6.3999999999999995,20.71111111111111,19.355555555555554,2.0,3.0,2.0,1
2026-03-02 15:18:00+00:00,19.288888888888884,0.710897069764216,15384576.0,94.40024110910187,1.0,1.0,0.13133640552995393,0.1283704132932989,6.2502923976608145,-0.7071067811865471,-0.7071067811865479,0.0,1.0,0,3.9333333333333327,20.755555555555553,17.377777777777776,2.0,3.0,2.0,1
2026-03-02 15:18:15+00:00,19.577777777777776,0.9466836552854808,15728640.0,94.48028673835125,1.0,1.0,0.12599318955732122,0.31381776319658705,6.609356725146199,-0.7071067811865471,-0.7071067811865479,0.0,1.0,0,4.377777777777777,20.799999999999997,13.999999999999998,2.0,3.0,2.0,1
2026-03-02 15:18:30+00:00,19.62222222222222,0.9886689835710422,15728640.0,94.47897897897899,1.0,1.0,0.13590033975084936,0.3828173008890928,6.72046783625731,-0.7071067811865471,-0.7071067811865479,0.0,1.0,0,5.088888888888889,20.866666666666664,10.155555555555555,2.0,3.0,2.0,1
2026-03-02 15:18:45+00:00,19.444444444444443,0.7924150136749833,15474688.0,94.47948098974051,1.0,1.0,0.13371428571428573,0.17223744111790484,6.605847953216374,-0.7071067811865471,-0.7071067811865479,0.0,1.0,0,5.133333333333333,20.731490534174743,8.333333333333332,2.0,3.0,2.0,1
2026-03-02 15:19:00+00:00,17.444444444444443,0.855184454228023,15470592.0,94.45604738154613,1.0,0.0,0.13630573248407646,0.2467635627550171,4.96374269005848,-0.7071067811865471,-0.7071067811865479,0.0,1.0,0,8.955555555555556,20.53333333333333,7.644444444444443,2.0,3.0,2.0,1
2026-03-02 15:19:15+00:00,11.955555555555554,0.4045234543849494,15474688.0,94.3860544217687,1.0,0.0,0.13197026022304834,-0.16905279553619668,0.3730994152046776,-0.7071067811865471,-0.7071067811865479,0.0,1.0,0,13.644444444444442,18.24444444444444,8.244444444444444,2.0,2.0,2.0,1
2026-03-02 15:19:30+00:00,6.022222222222221,0.29412525667351014,15474688.0,94.37919463087249,0.0,0.0,0.12915129151291513,-0.23819681522658753,-4.55672514619883,-0.7071067811865471,-0.7071067811865479,0.0,1.0,0,18.51111111111111,13.090052449106587,12.333333333333332,2.0,2.0,2.0,1
2026-03-02 15:19:45+00:00,1.5111111111111108,0.07150143199027094,15470592.0,94.4121287128713,0.0,0.0,0.10294117647058823,-0.3877271770175849,-7.994152046783624,-0.7071067811865471,-0.7071067811865479,0.0,1.0,0,19.377777777777773,7.444444444444444,17.0,2.0,2.0,2.0,1
2026-03-02 15:20:00+00:00,0.8888888888888888,0.05845271590884681,15470592.0,94.40496484356119,1.0,1.0,0.125,-0.4035842978410678,-8.583246077160492,-0.7071067811865471,-0.7071067811865479,0.0,1.0,0,19.577777777777776,4.488888888888889,20.844444444444445,2.0,2.0,3.0,1
2026-03-02 15:20:15+00:00,0.4888888888888888,0.24068163312783664,14966784.0,94.39469200307168,0.0,0.0,0.18181818181818182,-0.2573281954202252,-8.978122335397316,-0.7071067811865471,-0.7071067811865479,0.0,1.0,0,19.62222222222222,4.444444444444444,20.82222222222222,2.0,2.0,3.0,1
2026-03-02 15:20:30+00:00,6.466666666666666,0.5631794185441295,15237120.0,94.45312720708735,1.0,1.0,0.1374570446735395,0.042563795964893125,-3.930417096816112,-0.7071067811865471,-0.7071067811865479,0.0,1.0,0,19.644444444444442,5.088888888888889,20.51111111111111,2.0,2.0,3.0,1
2026-03-02 15:20:45+00:00,13.022222222222222,0.7986743870365665,15306752.0,94.50540175557057,1.0,1.0,0.14505119453924914,0.23778789345379858,1.6011695906432752,-0.7071067811865471,-0.7071067811865479,0.0,1.0,0,19.466666666666665,5.222222222222221,20.488888888888887,2.0,2.0,3.0,1
2026-03-02 15:21:00+00:00,18.733702962962965,0.8796734768332717,15355904.0,94.49311639549437,1.0,1.0,0.14755644107609697,0.2668794677987312,6.417747992202727,-0.7071067811865471,-0.7071067811865479,0.0,1.0,0,17.84444444444444,8.71111111111111,20.42222222222222,2.0,2.0,3.0,1
2026-03-02 15:21:15+00:00,20.866666666666664,0.8823032194541981,15667200.0,94.45569248826291,1.0,1.0,0.14376996805111822,0.23441549305310194,7.607017543859648,-0.7071067811865471,-0.7071067811865479,0.0,1.0,0,13.755555555555553,13.42222222222222,18.333333333333332,2.0,2.0,2.0,1
2026-03-02 15:21:30+00:00,20.866666666666664,0.8860648414699502,15446016.0,94.45997807017544,1.0,1.0,0.13631522896698617,0.206126318701492,6.684210526315788,-0.7071067811865471,-0.7071067811865479,0.0,1.0,0,11.333333333333332,18.15555555555555,13.133333333333333,2.0,2.0,2.0,1
2026-03-02 15:21:45+00:00,20.466666666666665,0.8350305699822489,15446016.0,94.53207847295863,1.0,1.0,0.13680781758957652,0.15263128304577356,5.992982456140352,-0.7071067811865471,-0.7071067811865479,0.0,1.0,0,7.91111111111111,19.288888888888888,7.51111111111111,2.0,2.0,2.0,1
2026-03-02 15:22:00+00:00,20.08888888888889,0.8782228978509032,15486976.0,94.52481520591341,1.0,1.0,0.1382743362831858,0.19014469105489207,5.534502923976609,-0.7071067811865471,-0.7071067811865479,0.0,1.0,0,8.955555555555554,19.266666666666666,4.444444444444444,2.0,2.0,2.0,1
2026-03-02 15:22:15+00:00,17.288888888888888,0.7395265501140217,15495168.0,94.53933189655173,1.0,0.0,0.14138817480719792,0.060094158265114106,3.064327485380117,-0.7071067811865471,-0.7071067811865479,0.0,1.0,0,11.933333333333332,19.266666666666666,4.444444444444445,2.0,2.0,2.0,1
2026-03-02 15:22:30+00:00,11.933333333333332,0.3838464352916617,15486976.0,94.57386363636364,1.0,0.0,0.1266294227188082,-0.25905790663506867,-1.4701754385964918,-0.7071067811865471,-0.7071067811865479,0.0,1.0,0,17.244444444444444,19.42222222222222,5.133333333333333,2.0,2.0,2.0,1
2026-03-02 15:22:45+00:00,6.3999999999999995,0.32937257514598395,15491072.0,94.60048426150121,1.0,0.0,0.12499999999999999,-0.24908605756937208,-6.119298245614034,-0.7071067811865471,-0.7071067811865479,0.0,1.0,0,20.71111111111111,19.355555555555554,5.222222222222221,3.0,2.0,2.0,1
2026-03-02 15:23:00+00:00,3.9333333333333327,0.2097032058774402,15491072.0,94.52614379084967,1.0,0.0,0.07344632768361582,-0.3519241065622929,-7.821052631578946,-0.7071067811865471,-0.7071067811865479,0.0,1.0,0,20.755555555555553,17.377777777777776,8.644444444444444,3.0,2.0,2.0,1
2026-03-02 15:23:15+00:00,4.377777777777777,0.22219970783657594,15753216.0,94.58534899792674,1.0,1.0,0.09644670050761421,-0.28107826736104546,-6.618713450292398,-0.7071067811865471,-0.7071067811865479,0.0,1.0,0,20.799999999999997,13.999999999999998,13.51111111111111,3.0,2.0,2.0,1
2026-03-02 15:23:30+00:00,5.088888888888889,0.24388611641330804,15495168.0,94.54443614637789,1.0,1.0,0.08733624454148471,-0.24677139711439122,-5.163742690058479,-0.7071067811865471,-0.7071067811865479,0.0,1.0,0,20.866666666666664,10.155555555555555,18.31111111111111,3.0,2.0,2.0,1
2026-03-02 15:23:45+00:00,5.133333333333333,0.23048379052369367,15491072.0,94.51764705882354,1.0,1.0,0.10822510822510822,-0.23719080408605298,-4.677192982456139,-0.7071067811865471,-0.7071067811865479,0.0,1.0,0,20.731490534174743,8.333333333333332,19.577777777777776,3.0,2.0,2.0,1
2026-03-02 15:24:00+00:00,8.955555555555556,0.4879325731284064,15499264.0,94.53136396790664,1.0,1.0,0.086848635235732,-0.02376660261148461,-1.5672514619883025,-0.7071067811865471,-0.7071067811865479,0.0,1.0,0,20.53333333333333,7.644444444444443,19.355555555555554,3.0,2.0,2.0,1
